[
  {
    "value": "INDIA",
    "synonyms": [
      "INDIA",
      "india",
      "ind"
    ]
  },
  {
    "value": "New Zealand",
    "synonyms": [
      "New Zealand",
      "NZL"
    ]
  },
  {
    "value": "Australia",
    "synonyms": [
      "Australia",
      "AUS"
    ]
  },
  {
    "value": "England",
    "synonyms": [
      "England",
      "ENG"
    ]
  },
  {
    "value": "Pakistan",
    "synonyms": [
      "Pakistan",
      "PAK"
    ]
  },
  {
    "value": "South Africa",
    "synonyms": [
      "South Africa",
      "ZAF"
    ]
  },
  {
    "value": "Sri Lanka",
    "synonyms": [
      "Sri Lanka",
      "LKA"
    ]
  },
  {
    "value": "West Indies",
    "synonyms": [
      "West Indies",
      "WI"
    ]
  },
  {
    "value": "Bangladesh",
    "synonyms": [
      "Bangladesh",
      "BGD"
    ]
  },
  {
    "value": "Afghanistan",
    "synonyms": [
      "Afghanistan",
      "AFG"
    ]
  },
  {
    "value": "Ireland",
    "synonyms": [
      "Ireland",
      "IRE"
    ]
  },
  {
    "value": "Zimbabwe",
    "synonyms": [
      "Zimbabwe",
      "ZIM"
    ]
  },
  {
    "value": "United Arab Emirates",
    "synonyms": [
      "United Arab Emirates",
      "UAE"
    ]
  },
  {
    "value": "Scotland",
    "synonyms": [
      "Scotland",
      "SCO"
    ]
  },
  {
    "value": "Nepal",
    "synonyms": [
      "Nepal",
      "NPL"
    ]
  },
  {
    "value": "Papua New Guinea",
    "synonyms": [
      "Papua New Guinea",
      "PNG"
    ]
  },
  {
    "value": "Netherlands",
    "synonyms": [
      "Netherlands",
      "NLD"
    ]
  },
  {
    "value": "Oman",
    "synonyms": [
      "Oman",
      "OMN"
    ]
  },
  {
    "value": "Namibia",
    "synonyms": [
      "Namibia",
      "NAM"
    ]
  },
  {
    "value": "Singapore",
    "synonyms": [
      "Singapore",
      "SIN"
    ]
  },
  {
    "value": "Canada",
    "synonyms": [
      "Canada",
      "CAN"
    ]
  },
  {
    "value": "Qatar",
    "synonyms": [
      "Qatar",
      "QAT"
    ]
  },
  {
    "value": "Hong Kong",
    "synonyms": [
      "Hong Kong",
      "HK"
    ]
  },
  {
    "value": "Kenya",
    "synonyms": [
      "Kenya",
      "KEN"
    ]
  },
  {
    "value": "Jersey",
    "synonyms": [
      "Jersey",
      "JEY"
    ]
  },
  {
    "value": "Kuwait",
    "synonyms": [
      "Kuwait",
      "KWT"
    ]
  },
  {
    "value": "Italy",
    "synonyms": [
      "Italy",
      "ITA"
    ]
  },
  {
    "value": "Saudi Arabia",
    "synonyms": [
      "Saudi Arabia",
      "KSA"
    ]
  },
  {
    "value": "Denmark",
    "synonyms": [
      "Denmark",
      "DNK"
    ]
  },
  {
    "value": "Bermuda",
    "synonyms": [
      "Bermuda",
      "BMU"
    ]
  },
  {
    "value": "Uganda",
    "synonyms": [
      "Uganda",
      "UGA"
    ]
  },
  {
    "value": "Malaysia",
    "synonyms": [
      "Malaysia",
      "MYS"
    ]
  },
  {
    "value": "Germany",
    "synonyms": [
      "Germany",
      "DEU"
    ]
  },
  {
    "value": "USA",
    "synonyms": [
      "USA"
    ]
  }
]