[
  {
    "value": "ODIs",
    "synonyms": [
      "ODIs",
      "ODI",
      "odi",
      "one day",
      "One day"
    ]
  },
  {
    "value": "tests",
    "synonyms": [
      "tests",
      "Test",
      "test"
    ]
  },
  {
    "value": "T20Is",
    "synonyms": [
      "T20Is",
      "T20",
      "T20i",
      "T20I",
      "20-20",
      "twenty-twenty",
      "twenty twenty"
    ]
  },
  {
    "value": "firstClass",
    "synonyms": [
      "firstClass",
      "First class",
      "first class",
      "ranji"
    ]
  },
  {
    "value": "listA",
    "synonyms": [
      "listA",
      "List A"
    ]
  }
]