[
  {
    "value": "/latest-news",
    "synonyms": [
      "/latest-news",
      "Latest news",
      "latest news",
      "recent news",
      "latest cricket news",
      "Recent cricket news"
    ]
  },
  {
    "value": "/editorial/spotlight",
    "synonyms": [
      "/editorial/spotlight",
      "Spotlight",
      "spotlight",
      "trending news",
      "Cricket Spotlight",
      "cricket trending news"
    ]
  },
  {
    "value": "/editorial/editorial-list",
    "synonyms": [
      "/editorial/editorial-list",
      "Expert opinions",
      "opinions"
    ]
  },
  {
    "value": "/editorial/special",
    "synonyms": [
      "/editorial/special",
      "Special news",
      "special",
      "cricket special news",
      "cricket specials"
    ]
  },
  {
    "value": "/editorial/stats-analysis",
    "synonyms": [
      "/editorial/stats-analysis",
      "Analysis",
      "Match Analysis",
      "Cricket match analysis"
    ]
  },
  {
    "value": "/editorial/interviews",
    "synonyms": [
      "Interviews",
      "/editorial/interviews"
    ]
  },
  {
    "value": "/editorial/live-blogs",
    "synonyms": [
      "/editorial/live-blogs",
      "Blogs",
      "Live blogs"
    ]
  },
  {
    "value": "/",
    "synonyms": [
      "/",
      "All news",
      "Cricket news",
      "news"
    ]
  }
]