[
  {
    "value": "1",
    "synonyms": [
      "1",
      "a",
      "A",
      "1st",
      "first",
      "one"
    ]
  },
  {
    "value": "2",
    "synonyms": [
      "2",
      "b",
      "B",
      "2nd",
      "second",
      "two"
    ]
  },
  {
    "value": "3",
    "synonyms": [
      "3",
      "c",
      "C",
      "3rd",
      "third",
      "three"
    ]
  },
  {
    "value": "exit",
    "synonyms": [
      "exit",
      "EXIT",
      "leave",
      "stop",
      "goodbye",
      "bye",
      "done",
      "score",
      "see you later",
      "see ya"
    ]
  }
]