[
  {
    "value": "\"Himachal Pradesh Cricket Association Stadium\"",
    "synonyms": [
      "\"Himachal Pradesh Cricket Association Stadium\"",
      "\"Himachal Pradesh Stadium\""
    ]
  },
  {
    "value": "\"Vidarbha Cricket Association Stadium, Jamtha\"",
    "synonyms": [
      "\"Vidarbha Cricket Association Stadium, Jamtha\"",
      "\"Vidarbha\"",
      "\"Vidharbha Stadium\""
    ]
  },
  {
    "value": "\"Dr. Y.S. Rajasekhara Reddy ACA-VDCA Cricket Stadium\"",
    "synonyms": [
      "\"Dr. Y.S. Rajasekhara Reddy ACA-VDCA Cricket Stadium\"",
      "\"Rajasekhara Reddy Stadium\"",
      "\"Rajasekhara Reddy Cricket Stadium\""
    ]
  },
  {
    "value": "\"Punjab Cricket Association Stadium, Mohali\"",
    "synonyms": [
      "\"Punjab Cricket Association Stadium, Mohali\"",
      "\"Mohali Stadium\"",
      "\"Punjab cricket grounds\""
    ]
  },
  {
    "value": "\"Saurashtra Cricket Association Stadium\"",
    "synonyms": [
      "\"Saurashtra Cricket Association Stadium\""
    ]
  },
  {
    "value": "\"Sardar Patel Stadium, Motera\"",
    "synonyms": [
      "\"Sardar Patel Stadium, Motera\"",
      "\"Sardar Patel Stadium\""
    ]
  },
  {
    "value": "\"New Wanderers Stadium\"",
    "synonyms": [
      "\"New Wanderers Stadium\""
    ]
  },
  {
    "value": "\"Barabati Stadium\"",
    "synonyms": [
      "\"Barabati Stadium\""
    ]
  },
  {
    "value": "\"Shaheed Veer Narayan Singh International Stadium\"",
    "synonyms": [
      "\"Shaheed Veer Narayan Singh International Stadium\"",
      "\"Shaheed Veer Narayan Singh Stadium\""
    ]
  },
  {
    "value": "\"Wankhede Stadium\"",
    "synonyms": [
      "\"Wankhede Stadium\"",
      "\"Wankhede\""
    ]
  },
  {
    "value": "\"JSCA International Stadium Complex\"",
    "synonyms": [
      "\"JSCA International Stadium Complex\"",
      "\"JSCA\""
    ]
  },
  {
    "value": "\"M Chinnaswamy Stadium\"",
    "synonyms": [
      "\"M Chinnaswamy Stadium\"",
      "\"Chinnaswamy Stadium\"",
      "\"Chinnaswamy\""
    ]
  },
  {
    "value": "\"Subrata Roy Sahara Stadium\"",
    "synonyms": [
      "\"Subrata Roy Sahara Stadium\"",
      "\"Sahara Stadium\"",
      "\"Subrata Roy Stadium\""
    ]
  },
  {
    "value": "\"Dr DY Patil Sports Academy\"",
    "synonyms": [
      "\"Dr DY Patil Sports Academy\"",
      "\"DY Patil Sports Academy\", DY Patil Stadium\""
    ]
  },
  {
    "value": "\"MA Chidambaram Stadium, Chepauk\"",
    "synonyms": [
      "\"MA Chidambaram Stadium, Chepauk\"",
      "\"Chidambaram Stadium\"",
      "\"MA Chidambaram Stadium\""
    ]
  },
  {
    "value": "\"Green Park\"",
    "synonyms": [
      "\"Green Park\"",
      "\"Green Park Stadium\""
    ]
  },
  {
    "value": "\"Newlands\"",
    "synonyms": [
      "\"Newlands\"",
      "\"Newlands Stadium\""
    ]
  },
  {
    "value": "\"Sharjah Cricket Stadium\"",
    "synonyms": [
      "\"Sharjah Cricket Stadium\"",
      "\"Sharjah\""
    ]
  },
  {
    "value": "\"Nehru Stadium\"",
    "synonyms": [
      "\"Nehru Stadium\""
    ]
  },
  {
    "value": "\"Sheikh Zayed Stadium\"",
    "synonyms": [
      "\"Sheikh Zayed Stadium\""
    ]
  },
  {
    "value": "\"Kingsmead\"",
    "synonyms": [
      "\"Kingsmead\""
    ]
  },
  {
    "value": "\"Maharashtra Cricket Association Stadium\"",
    "synonyms": [
      "\"Maharashtra Cricket Association Stadium\""
    ]
  },
  {
    "value": "\"Buffalo Park\"",
    "synonyms": [
      "\"Buffalo Park\""
    ]
  },
  {
    "value": "\"St George\u0027s Park\"",
    "synonyms": [
      "\"St George\u0027s Park\""
    ]
  },
  {
    "value": "\"SuperSport Park\"",
    "synonyms": [
      "\"SuperSport Park\""
    ]
  },
  {
    "value": "\"Eden Gardens\"",
    "synonyms": [
      "\"Eden Gardens\""
    ]
  },
  {
    "value": "\"Rajiv Gandhi International Stadium, Uppal\"",
    "synonyms": [
      "\"Rajiv Gandhi International Stadium, Uppal\""
    ]
  },
  {
    "value": "\"Feroz Shah Kotla\"",
    "synonyms": [
      "\"Feroz Shah Kotla\""
    ]
  },
  {
    "value": "\"Dubai International Cricket Stadium\"",
    "synonyms": [
      "\"Dubai International Cricket Stadium\""
    ]
  },
  {
    "value": "\"Sawai Mansingh Stadium\"",
    "synonyms": [
      "\"Sawai Mansingh Stadium\""
    ]
  },
  {
    "value": "\"Punjab Cricket Association IS Bindra Stadium, Mohali\"",
    "synonyms": [
      "\"Punjab Cricket Association IS Bindra Stadium, Mohali\""
    ]
  },
  {
    "value": "\"Holkar Cricket Stadium\"",
    "synonyms": [
      "\"Holkar Cricket Stadium\""
    ]
  },
  {
    "value": "\"Brabourne Stadium\"",
    "synonyms": [
      "\"Brabourne Stadium\""
    ]
  },
  {
    "value": "\"OUTsurance Oval\"",
    "synonyms": [
      "\"OUTsurance Oval\""
    ]
  },
  {
    "value": "\"De Beers Diamond Oval\"",
    "synonyms": [
      "\"De Beers Diamond Oval\""
    ]
  }
]