[
  {
    "value": "50",
    "synonyms": [
      "50",
      "Fifity",
      "fifty",
      "fifties",
      "Half century",
      "half centuries"
    ]
  },
  {
    "value": "100",
    "synonyms": [
      "100",
      "Century",
      "hundreds",
      "centuries",
      "Hundred"
    ]
  },
  {
    "value": "St",
    "synonyms": [
      "St",
      "Stumps",
      "stumps"
    ]
  },
  {
    "value": "Ct",
    "synonyms": [
      "Ct",
      "Catches",
      "catch"
    ]
  },
  {
    "value": "6s",
    "synonyms": [
      "6s",
      "sixes",
      "Sixes"
    ]
  },
  {
    "value": "4s",
    "synonyms": [
      "4s",
      "Fours",
      "fours"
    ]
  },
  {
    "value": "SR",
    "synonyms": [
      "SR",
      "Strike rate",
      "strike rate"
    ]
  },
  {
    "value": "Ave",
    "synonyms": [
      "Ave",
      "average",
      "Average",
      "Avg"
    ]
  },
  {
    "value": "HS",
    "synonyms": [
      "HS",
      "Highest score",
      "highest score",
      "Maximum",
      "Max",
      "max",
      "highest"
    ]
  },
  {
    "value": "Runs",
    "synonyms": [
      "Runs",
      "runs",
      "run"
    ]
  },
  {
    "value": "NO",
    "synonyms": [
      "NO",
      "Not out\u0027s",
      "not out\u0027s"
    ]
  },
  {
    "value": "Inns",
    "synonyms": [
      "Inns",
      "Innings",
      "innings"
    ]
  },
  {
    "value": "Mat",
    "synonyms": [
      "Mat",
      "Matches",
      "matches"
    ]
  },
  {
    "value": "10",
    "synonyms": [
      "10",
      "10 wicket haul",
      "10 wicket hauls"
    ]
  },
  {
    "value": "5w",
    "synonyms": [
      "5w",
      "5 wicket hauls",
      "5 wicket haul"
    ]
  },
  {
    "value": "4w",
    "synonyms": [
      "4w",
      "4 Wickets",
      "4 wicket hauls",
      "4 Wicket hauls"
    ]
  },
  {
    "value": "Econ",
    "synonyms": [
      "Econ",
      "Economy",
      "economy"
    ]
  },
  {
    "value": "BBM",
    "synonyms": [
      "BBM",
      "best bowling figures",
      "best bowling performance",
      "best bowling performance in a match",
      "best bowling figures in a match"
    ]
  },
  {
    "value": "BBI",
    "synonyms": [
      "BBI",
      "best bowling figures",
      "best bowling performance",
      "best bowling performance in an innings"
    ]
  },
  {
    "value": "Wkts",
    "synonyms": [
      "Wkts",
      "Total Number of wickets",
      "Number pf wickets",
      "Total wickets"
    ]
  },
  {
    "value": "Balls",
    "synonyms": [
      "Balls",
      "Number of balls bowled",
      "total balls bowled",
      "total number of balls bowled"
    ]
  },
  {
    "value": "lowest",
    "synonyms": [
      "lowest",
      "Lowest",
      "least",
      "Minimum",
      "min",
      "Min"
    ]
  }
]