[
  {
    "value": "Royal Challengers Bengaluru",
    "synonyms": [
      "Royal Challengers Bangalore",
      "Rcb",
      "rcb",
      "RCB",
      "Royal Challengers Bengaluru"
    ]
  },
  {
    "value": "Chennai Super Kings",
    "synonyms": [
      "Chennai Super Kings",
      "CSK",
      "Csk",
      "csk"
    ]
  },
  {
    "value": "Kings XI Punjab",
    "synonyms": [
      "Kings XI Punjab",
      "KXIP",
      "Kxip",
      "Punjab Kings"
    ]
  },
  {
    "value": "Sunrisers Hyderabad",
    "synonyms": [
      "Sunrisers Hyderabad",
      "SRH",
      "Srh",
      "srh"
    ]
  },
  {
    "value": "Delhi Capitals",
    "synonyms": [
      "Delhi Capitals",
      "DC",
      "dc"
    ]
  },
  {
    "value": "Rajasthan Royals",
    "synonyms": [
      "Rajasthan Royals",
      "RR",
      "rr",
      "Rr"
    ]
  },
  {
    "value": "Mumbai Indians",
    "synonyms": [
      "Mumbai Indians",
      "MI",
      "mi",
      "Mi"
    ]
  },
  {
    "value": "Kolkata Knight Riders",
    "synonyms": [
      "Kolkata Knight Riders",
      "KKR",
      "Kkr",
      "kkr"
    ]
  }
]