[
  {
    "id": "a2a6c57d-5be6-45c3-a9b2-82befdd77e21",
    "data": [
      {
        "text": "I choose to ",
        "userDefined": false
      },
      {
        "text": "bowl",
        "meta": "@Type",
        "alias": "type",
        "userDefined": false
      }
    ],
    "isTemplate": false,
    "count": 0,
    "lang": "en",
    "updated": 0
  },
  {
    "id": "fad9e841-900e-4427-b0fd-683bd0e6a54f",
    "data": [
      {
        "text": "I choose to ",
        "userDefined": false
      },
      {
        "text": "bat",
        "meta": "@Type",
        "alias": "type",
        "userDefined": false
      }
    ],
    "isTemplate": false,
    "count": 0,
    "lang": "en",
    "updated": 0
  },
  {
    "id": "b60ae6bd-ebee-4490-8645-964bd31b736b",
    "data": [
      {
        "text": "Bowling",
        "meta": "@Type",
        "alias": "type",
        "userDefined": false
      }
    ],
    "isTemplate": false,
    "count": 0,
    "lang": "en",
    "updated": 0
  },
  {
    "id": "b206df74-400a-4592-8c5f-03aa2cb9665e",
    "data": [
      {
        "text": "I choose ",
        "userDefined": false
      },
      {
        "text": "batting",
        "meta": "@Type",
        "alias": "type",
        "userDefined": false
      }
    ],
    "isTemplate": false,
    "count": 0,
    "lang": "en",
    "updated": 0
  }
]