[
  {
    "id": "03a48806-5ca6-4021-b260-9af8185dd205",
    "data": [
      {
        "text": "i want to quit the game",
        "userDefined": false
      }
    ],
    "isTemplate": false,
    "count": 0,
    "lang": "en",
    "updated": 0
  },
  {
    "id": "c4b4b987-747f-4d60-a193-8cd3c712f2a1",
    "data": [
      {
        "text": "exit",
        "userDefined": false
      }
    ],
    "isTemplate": false,
    "count": 0,
    "lang": "en",
    "updated": 0
  },
  {
    "id": "e4dff915-52ba-42c6-9ec8-c4296b8c514a",
    "data": [
      {
        "text": "quit",
        "userDefined": false
      }
    ],
    "isTemplate": false,
    "count": 0,
    "lang": "en",
    "updated": 0
  },
  {
    "id": "5e2e4a91-58ee-4abc-b8c9-fe28c88c6616",
    "data": [
      {
        "text": "quit the game",
        "userDefined": false
      }
    ],
    "isTemplate": false,
    "count": 0,
    "lang": "en",
    "updated": 0
  },
  {
    "id": "68c3511b-f9d3-4201-adf2-e9263fe08d92",
    "data": [
      {
        "text": "exit the game",
        "userDefined": false
      }
    ],
    "isTemplate": false,
    "count": 0,
    "lang": "en",
    "updated": 0
  }
]