[
  {
    "id": "5f3da82d-d374-443f-9a9d-d2a7ddeb4011",
    "data": [
      {
        "text": "TEST",
        "meta": "@icc_categories",
        "alias": "icc_categories",
        "userDefined": false
      }
    ],
    "isTemplate": false,
    "count": 0,
    "lang": "en",
    "updated": 0
  },
  {
    "id": "a214dfc7-a710-4a09-9144-c7fcbcb98b8f",
    "data": [
      {
        "text": "ODI",
        "meta": "@icc_categories",
        "alias": "icc_categories",
        "userDefined": false
      }
    ],
    "isTemplate": false,
    "count": 0,
    "lang": "en",
    "updated": 0
  },
  {
    "id": "de4c6694-87d2-4b70-8f11-3f5d4d543125",
    "data": [
      {
        "text": "T20",
        "meta": "@icc_categories",
        "alias": "icc_categories",
        "userDefined": false
      }
    ],
    "isTemplate": false,
    "count": 0,
    "lang": "en",
    "updated": 0
  },
  {
    "id": "ca8ba00d-a8c1-4cd8-9cd7-9d6f8f1b5257",
    "data": [
      {
        "text": "T20I",
        "meta": "@icc_categories",
        "alias": "icc_categories",
        "userDefined": false
      }
    ],
    "isTemplate": false,
    "count": 0,
    "lang": "en",
    "updated": 0
  }
]