[
  {
    "id": "4b4d4789-bab0-4e35-9d4d-040c0977ee93",
    "data": [
      {
        "text": "i want to know ",
        "userDefined": false
      },
      {
        "text": "test",
        "meta": "@countries",
        "alias": "countries",
        "userDefined": false
      },
      {
        "text": " rankings",
        "userDefined": false
      }
    ],
    "isTemplate": false,
    "count": 1,
    "lang": "en",
    "updated": 0
  },
  {
    "id": "395e5c01-85da-4321-bfef-1918b7446a30",
    "data": [
      {
        "text": "show me ",
        "userDefined": false
      },
      {
        "text": "t20",
        "meta": "@icc_categories",
        "alias": "icc_categories",
        "userDefined": false
      },
      {
        "text": " rankings",
        "userDefined": false
      }
    ],
    "isTemplate": false,
    "count": 0,
    "lang": "en",
    "updated": 0
  },
  {
    "id": "b23047e9-9e92-4566-b56a-44e0528580ff",
    "data": [
      {
        "text": "tell me global ",
        "userDefined": false
      },
      {
        "text": "ODI",
        "meta": "@icc_categories",
        "alias": "icc_categories",
        "userDefined": false
      },
      {
        "text": " rankings",
        "userDefined": false
      }
    ],
    "isTemplate": false,
    "count": 0,
    "lang": "en",
    "updated": 0
  },
  {
    "id": "231f47c6-6563-4641-a089-247a906d7fd4",
    "data": [
      {
        "text": "icc rankings ",
        "userDefined": false
      },
      {
        "text": "t20",
        "meta": "@icc_categories",
        "alias": "icc_categories",
        "userDefined": false
      }
    ],
    "isTemplate": false,
    "count": 0,
    "lang": "en",
    "updated": 0
  },
  {
    "id": "6c7c33a9-a1f1-43d1-866f-de4da2205349",
    "data": [
      {
        "text": "latest icc ",
        "userDefined": false
      },
      {
        "text": "ODI",
        "meta": "@icc_categories",
        "alias": "icc_categories",
        "userDefined": false
      },
      {
        "text": " rankings",
        "userDefined": false
      }
    ],
    "isTemplate": false,
    "count": 0,
    "lang": "en",
    "updated": 0
  },
  {
    "id": "97e5d21b-ceb0-4943-87fb-8bc5510e9448",
    "data": [
      {
        "text": "latest icc ",
        "userDefined": false
      },
      {
        "text": "t20",
        "meta": "@icc_categories",
        "alias": "icc_categories",
        "userDefined": false
      },
      {
        "text": " rankings",
        "userDefined": false
      }
    ],
    "isTemplate": false,
    "count": 0,
    "lang": "en",
    "updated": 0
  },
  {
    "id": "ac1fe356-126e-4f58-a9ac-2ed10ab2be5e",
    "data": [
      {
        "text": "latest icc ",
        "userDefined": false
      },
      {
        "text": "test",
        "meta": "@icc_categories",
        "alias": "icc_categories",
        "userDefined": true
      },
      {
        "text": " rankings",
        "userDefined": false
      }
    ],
    "isTemplate": false,
    "count": 0,
    "lang": "en",
    "updated": 0
  }
]