[
  {
    "id": "a43bcd27-7cf0-474c-80eb-ea66a5a6005e",
    "data": [
      {
        "text": "next",
        "meta": "@LiveOrUpcoming",
        "alias": "LiveOrUpcoming",
        "userDefined": false
      },
      {
        "text": " matches",
        "userDefined": false
      }
    ],
    "isTemplate": false,
    "count": 0,
    "lang": "en",
    "updated": 0
  },
  {
    "id": "3c5833df-ef56-4904-8b94-64f88958eb1a",
    "data": [
      {
        "text": "next ",
        "userDefined": false
      },
      {
        "text": "series",
        "meta": "@LiveOrUpcoming",
        "alias": "LiveOrUpcoming",
        "userDefined": false
      }
    ],
    "isTemplate": false,
    "count": 0,
    "lang": "en",
    "updated": 0
  },
  {
    "id": "8b69fbac-0124-4628-9a10-a3e4adcb102b",
    "data": [
      {
        "text": "upcoming series",
        "meta": "@LiveOrUpcoming",
        "alias": "LiveOrUpcoming",
        "userDefined": false
      }
    ],
    "isTemplate": false,
    "count": 0,
    "lang": "en",
    "updated": 0
  },
  {
    "id": "24f75812-6689-4f43-9d5f-c4dd1e723e63",
    "data": [
      {
        "text": "upcoming series",
        "meta": "@LiveOrUpcoming",
        "alias": "LiveOrUpcoming",
        "userDefined": false
      },
      {
        "text": " for team ",
        "userDefined": false
      },
      {
        "text": "india",
        "meta": "@sys.geo-country",
        "alias": "CountryName",
        "userDefined": false
      }
    ],
    "isTemplate": false,
    "count": 0,
    "lang": "en",
    "updated": 0
  },
  {
    "id": "77267405-0be9-475e-95eb-004e0d1bc5fc",
    "data": [
      {
        "text": "Upcoming",
        "meta": "@LiveOrUpcoming",
        "alias": "LiveOrUpcoming",
        "userDefined": true
      },
      {
        "text": " matches for ",
        "userDefined": false
      },
      {
        "text": "India",
        "meta": "@sys.geo-country",
        "alias": "CountryName",
        "userDefined": true
      }
    ],
    "isTemplate": false,
    "count": 0,
    "lang": "en",
    "updated": 0
  },
  {
    "id": "36e4b0c5-f721-42a6-a57f-0fa37e495474",
    "data": [
      {
        "text": "rcb",
        "meta": "@TeamName",
        "alias": "TeamName",
        "userDefined": false
      },
      {
        "text": " ",
        "userDefined": false
      },
      {
        "text": "next",
        "meta": "@LiveOrUpcoming",
        "alias": "LiveOrUpcoming",
        "userDefined": false
      },
      {
        "text": " matches",
        "userDefined": false
      }
    ],
    "isTemplate": false,
    "count": 0,
    "lang": "en",
    "updated": 0
  },
  {
    "id": "c792b012-a38c-4dfe-9123-8c41922016c4",
    "data": [
      {
        "text": "what is ",
        "userDefined": false
      },
      {
        "text": "csk",
        "meta": "@TeamName",
        "alias": "TeamName",
        "userDefined": false
      },
      {
        "text": " score ",
        "userDefined": false
      },
      {
        "text": "now",
        "meta": "@LiveOrUpcoming",
        "alias": "LiveOrUpcoming",
        "userDefined": true
      }
    ],
    "isTemplate": false,
    "count": 0,
    "lang": "en",
    "updated": 0
  },
  {
    "id": "ecd67b1d-d5de-483b-8fd5-a33a2cd0afd0",
    "data": [
      {
        "text": "what is the score ",
        "userDefined": false
      },
      {
        "text": "now",
        "meta": "@LiveOrUpcoming",
        "alias": "LiveOrUpcoming",
        "userDefined": true
      }
    ],
    "isTemplate": false,
    "count": 0,
    "lang": "en",
    "updated": 0
  },
  {
    "id": "437b4bd5-72e2-453d-aabd-b78b3f6f213f",
    "data": [
      {
        "text": "live",
        "meta": "@LiveOrUpcoming",
        "alias": "LiveOrUpcoming",
        "userDefined": true
      },
      {
        "text": " score of ",
        "userDefined": false
      },
      {
        "text": "kkr",
        "meta": "@TeamName",
        "alias": "TeamName",
        "userDefined": true
      }
    ],
    "isTemplate": false,
    "count": 0,
    "lang": "en",
    "updated": 0
  },
  {
    "id": "1f429a8a-8001-4305-a77f-d26e7f2a4bbf",
    "data": [
      {
        "text": "Fetch ",
        "userDefined": false
      },
      {
        "text": "live",
        "meta": "@LiveOrUpcoming",
        "alias": "LiveOrUpcoming",
        "userDefined": true
      },
      {
        "text": " score",
        "userDefined": false
      }
    ],
    "isTemplate": false,
    "count": 0,
    "lang": "en",
    "updated": 0
  },
  {
    "id": "b306d84e-2a5b-431d-8817-4e1f26b714f0",
    "data": [
      {
        "text": "Live",
        "meta": "@LiveOrUpcoming",
        "alias": "LiveOrUpcoming",
        "userDefined": true
      },
      {
        "text": " score",
        "userDefined": false
      }
    ],
    "isTemplate": false,
    "count": 0,
    "lang": "en",
    "updated": 0
  },
  {
    "id": "85bff65b-72b9-43cd-a658-b31322961e08",
    "data": [
      {
        "text": "Can you fetch ",
        "userDefined": false
      },
      {
        "text": "live",
        "meta": "@LiveOrUpcoming",
        "alias": "LiveOrUpcoming",
        "userDefined": true
      },
      {
        "text": " score for team ",
        "userDefined": false
      },
      {
        "text": "India",
        "meta": "@sys.geo-country",
        "alias": "CountryName",
        "userDefined": true
      }
    ],
    "isTemplate": false,
    "count": 0,
    "lang": "en",
    "updated": 0
  },
  {
    "id": "8f0ee13c-a41d-4105-8498-d83fad568f13",
    "data": [
      {
        "text": "Current",
        "meta": "@LiveOrUpcoming",
        "alias": "LiveOrUpcoming",
        "userDefined": true
      },
      {
        "text": " score for ",
        "userDefined": false
      },
      {
        "text": "India",
        "meta": "@sys.geo-country",
        "alias": "CountryName",
        "userDefined": false
      }
    ],
    "isTemplate": false,
    "count": 0,
    "lang": "en",
    "updated": 0
  },
  {
    "id": "449195bd-39b5-4eaf-9a92-c0fef053bab7",
    "data": [
      {
        "text": "Upcoming",
        "meta": "@LiveOrUpcoming",
        "alias": "LiveOrUpcoming",
        "userDefined": true
      },
      {
        "text": " matches",
        "userDefined": false
      }
    ],
    "isTemplate": false,
    "count": 0,
    "lang": "en",
    "updated": 0
  },
  {
    "id": "10515b94-ad1e-4f12-a95f-553d46cb4d4c",
    "data": [
      {
        "text": "Live",
        "meta": "@LiveOrUpcoming",
        "alias": "LiveOrUpcoming",
        "userDefined": true
      },
      {
        "text": " score for ",
        "userDefined": false
      },
      {
        "text": "Royal Challengers Bangalore",
        "meta": "@TeamName",
        "alias": "TeamName",
        "userDefined": true
      }
    ],
    "isTemplate": false,
    "count": 0,
    "lang": "en",
    "updated": 0
  },
  {
    "id": "3c512764-d615-4cb5-8b52-7e67f06d39a2",
    "data": [
      {
        "text": "Live",
        "meta": "@LiveOrUpcoming",
        "alias": "LiveOrUpcoming",
        "userDefined": true
      },
      {
        "text": " score for ",
        "userDefined": false
      },
      {
        "text": "Australia",
        "meta": "@sys.geo-country",
        "alias": "CountryName",
        "userDefined": false
      }
    ],
    "isTemplate": false,
    "count": 1,
    "lang": "en",
    "updated": 0
  },
  {
    "id": "77eb6ac8-2bdc-4050-aa65-1a78565cc085",
    "data": [
      {
        "text": "Upcoming",
        "meta": "@LiveOrUpcoming",
        "alias": "LiveOrUpcoming",
        "userDefined": true
      },
      {
        "text": " matches for ",
        "userDefined": false
      },
      {
        "text": "Royal Challengers Bangalore",
        "meta": "@TeamName",
        "alias": "TeamName",
        "userDefined": true
      }
    ],
    "isTemplate": false,
    "count": 0,
    "lang": "en",
    "updated": 0
  },
  {
    "id": "45977903-b928-4eff-b3be-8ee75f744e97",
    "data": [
      {
        "text": "upcoming",
        "meta": "@LiveOrUpcoming",
        "alias": "LiveOrUpcoming",
        "userDefined": true
      },
      {
        "text": " matches of ",
        "userDefined": false
      },
      {
        "text": "Rcb",
        "meta": "@TeamName",
        "alias": "TeamName",
        "userDefined": true
      }
    ],
    "isTemplate": false,
    "count": 0,
    "lang": "en",
    "updated": 0
  }
]