[
  {
    "id": "0f44f002-a513-4830-8144-654f8e63a4c6",
    "data": [
      {
        "text": "show me ",
        "userDefined": false
      },
      {
        "text": "indian",
        "meta": "@countries",
        "alias": "countries",
        "userDefined": false
      },
      {
        "text": " cricket team matches",
        "userDefined": false
      }
    ],
    "isTemplate": false,
    "count": 0,
    "lang": "en",
    "updated": 0
  },
  {
    "id": "7e4deb24-4af6-4965-9da0-81be739510a6",
    "data": [
      {
        "text": "indian",
        "meta": "@countries",
        "alias": "countries",
        "userDefined": false
      },
      {
        "text": " cricket team matches",
        "userDefined": false
      }
    ],
    "isTemplate": false,
    "count": 0,
    "lang": "en",
    "updated": 0
  },
  {
    "id": "79ff5b1e-eae5-43d4-8d3c-85bdcb90a582",
    "data": [
      {
        "text": "tell me about matches played by ",
        "userDefined": false
      },
      {
        "text": "india",
        "meta": "@countries",
        "alias": "countries",
        "userDefined": false
      }
    ],
    "isTemplate": false,
    "count": 0,
    "lang": "en",
    "updated": 0
  },
  {
    "id": "69c86321-78ff-4cc4-8553-f47bbd563aa6",
    "data": [
      {
        "text": "show me all matches played by ",
        "userDefined": false
      },
      {
        "text": "india",
        "meta": "@countries",
        "alias": "countries",
        "userDefined": true
      }
    ],
    "isTemplate": false,
    "count": 0,
    "lang": "en",
    "updated": 0
  },
  {
    "id": "b1be9584-cccc-4b7a-a823-799153e17244",
    "data": [
      {
        "text": "list out ",
        "userDefined": false
      },
      {
        "text": "england",
        "meta": "@countries",
        "alias": "countries",
        "userDefined": false
      },
      {
        "text": "\u0027s matches",
        "userDefined": false
      }
    ],
    "isTemplate": false,
    "count": 0,
    "lang": "en",
    "updated": 0
  },
  {
    "id": "56aa57f0-1055-4c01-bd12-91fd56ba1ec5",
    "data": [
      {
        "text": "show me ",
        "userDefined": false
      },
      {
        "text": "india",
        "meta": "@countries",
        "alias": "countries",
        "userDefined": false
      },
      {
        "text": "\u0027s matches",
        "userDefined": false
      }
    ],
    "isTemplate": false,
    "count": 0,
    "lang": "en",
    "updated": 0
  },
  {
    "id": "d65c4088-1e8b-41ce-b420-413307903281",
    "data": [
      {
        "text": "show me matches played by team ",
        "userDefined": false
      },
      {
        "text": "india",
        "meta": "@countries",
        "alias": "countries",
        "userDefined": true
      }
    ],
    "isTemplate": false,
    "count": 0,
    "lang": "en",
    "updated": 0
  }
]