[
  {
    "id": "8d640bc7-1990-471a-8748-59becc890446",
    "data": [
      {
        "text": "tell me about matches ",
        "userDefined": false
      },
      {
        "text": "between 3rd March 2020 and 1st Jan 2021",
        "meta": "@sys.date-period",
        "alias": "date-period",
        "userDefined": false
      }
    ],
    "isTemplate": false,
    "count": 0,
    "lang": "en",
    "updated": 0
  },
  {
    "id": "93e6f3d7-581e-4504-afdc-7f97d614efbb",
    "data": [
      {
        "text": "show me matches ",
        "userDefined": false
      },
      {
        "text": "between 1st January and 3rd April",
        "meta": "@sys.date-period",
        "alias": "date-period",
        "userDefined": false
      }
    ],
    "isTemplate": false,
    "count": 0,
    "lang": "en",
    "updated": 0
  },
  {
    "id": "11565a63-026d-4453-8e88-423c8332c3d3",
    "data": [
      {
        "text": "show me matches ",
        "userDefined": false
      },
      {
        "text": "between 2021-03-03 and 2021-03-15",
        "meta": "@sys.date-period",
        "alias": "date-period",
        "userDefined": false
      }
    ],
    "isTemplate": false,
    "count": 0,
    "lang": "en",
    "updated": 0
  }
]