[
  {
    "id": "f10cbb10-c250-46fc-a292-9093aa7855aa",
    "data": [
      {
        "text": "when did ",
        "userDefined": false
      },
      {
        "text": "Steven Smith",
        "meta": "@sys.person",
        "alias": "playerName",
        "userDefined": false
      },
      {
        "text": " make his ",
        "userDefined": false
      },
      {
        "text": "ODI",
        "meta": "@Format-PlayerHeadToHead",
        "alias": "format",
        "userDefined": false
      },
      {
        "text": " debut",
        "userDefined": false
      }
    ],
    "isTemplate": false,
    "count": 0,
    "lang": "en",
    "updated": 0
  },
  {
    "id": "c4e2f678-5580-4805-aba2-76bf0efeb42e",
    "data": [
      {
        "text": "when did ",
        "userDefined": false
      },
      {
        "text": "Ravichandran Ashwin",
        "meta": "@sys.person",
        "alias": "playerName",
        "userDefined": false
      },
      {
        "text": " debut",
        "userDefined": false
      }
    ],
    "isTemplate": false,
    "count": 0,
    "lang": "en",
    "updated": 0
  },
  {
    "id": "88b4315a-777c-4997-a5b8-5c0d319921bd",
    "data": [
      {
        "text": "KL Rahul",
        "meta": "@sys.person",
        "alias": "playerName",
        "userDefined": false
      },
      {
        "text": "\u0027s debut",
        "userDefined": false
      }
    ],
    "isTemplate": false,
    "count": 0,
    "lang": "en",
    "updated": 0
  },
  {
    "id": "3736c183-3960-4d46-80e3-193497245337",
    "data": [
      {
        "text": "Virat Kohli",
        "meta": "@sys.person",
        "alias": "playerName",
        "userDefined": false
      },
      {
        "text": "\u0027s ",
        "userDefined": false
      },
      {
        "text": "odi",
        "meta": "@Format-PlayerHeadToHead",
        "alias": "format",
        "userDefined": false
      },
      {
        "text": " debut",
        "userDefined": false
      }
    ],
    "isTemplate": false,
    "count": 0,
    "lang": "en",
    "updated": 0
  },
  {
    "id": "4080fa79-68a8-4583-897b-f7eaccf9f599",
    "data": [
      {
        "text": "when did ",
        "userDefined": false
      },
      {
        "text": "Virat Kohli",
        "meta": "@sys.person",
        "alias": "playerName",
        "userDefined": false
      },
      {
        "text": " make his ",
        "userDefined": false
      },
      {
        "text": "T20",
        "meta": "@Format-PlayerHeadToHead",
        "alias": "format",
        "userDefined": false
      },
      {
        "text": " debut",
        "userDefined": false
      }
    ],
    "isTemplate": false,
    "count": 0,
    "lang": "en",
    "updated": 0
  }
]