[
  {
    "id": "27bc0e88-8cc6-4790-becb-b914b88b5f4d",
    "data": [
      {
        "text": "Fetch ",
        "userDefined": false
      },
      {
        "text": "batting",
        "meta": "@Type",
        "alias": "Type",
        "userDefined": true
      },
      {
        "text": " figures",
        "userDefined": false
      }
    ],
    "isTemplate": false,
    "count": 0,
    "lang": "en",
    "updated": 0
  },
  {
    "id": "62c4c536-f7e6-46ec-926d-656d1e928cae",
    "data": [
      {
        "text": "Bowling",
        "meta": "@Type",
        "alias": "Type",
        "userDefined": true
      },
      {
        "text": " figures",
        "userDefined": false
      }
    ],
    "isTemplate": false,
    "count": 0,
    "lang": "en",
    "updated": 0
  },
  {
    "id": "6882d382-03ca-4326-9e63-625f016da948",
    "data": [
      {
        "text": "Batting",
        "meta": "@Type",
        "alias": "Type",
        "userDefined": true
      },
      {
        "text": " figures",
        "userDefined": false
      }
    ],
    "isTemplate": false,
    "count": 0,
    "lang": "en",
    "updated": 0
  },
  {
    "id": "d6800ae0-f1a4-4293-8fcd-2bdca87740b5",
    "data": [
      {
        "text": "can you fetch the ",
        "userDefined": false
      },
      {
        "text": "bowling",
        "meta": "@Type",
        "alias": "Type",
        "userDefined": true
      },
      {
        "text": " figures",
        "userDefined": false
      }
    ],
    "isTemplate": false,
    "count": 0,
    "lang": "en",
    "updated": 0
  },
  {
    "id": "3dfaffc3-47f3-4045-8b2c-9df2cca4aef0",
    "data": [
      {
        "text": "Can you fetch the ",
        "userDefined": false
      },
      {
        "text": "batting",
        "meta": "@Type",
        "alias": "Type",
        "userDefined": true
      },
      {
        "text": " figures",
        "userDefined": false
      }
    ],
    "isTemplate": false,
    "count": 0,
    "lang": "en",
    "updated": 0
  },
  {
    "id": "71b3d3a2-f5bf-45ad-a4fd-83c8f0547511",
    "data": [
      {
        "text": "Get ",
        "userDefined": false
      },
      {
        "text": "batting",
        "meta": "@Type",
        "alias": "Type",
        "userDefined": true
      },
      {
        "text": " stats",
        "userDefined": false
      }
    ],
    "isTemplate": false,
    "count": 0,
    "lang": "en",
    "updated": 0
  },
  {
    "id": "ffb6ae16-40cb-4cd5-9be8-84550c1bebaa",
    "data": [
      {
        "text": "Get ",
        "userDefined": false
      },
      {
        "text": "bowling",
        "meta": "@Type",
        "alias": "Type",
        "userDefined": true
      },
      {
        "text": " stats",
        "userDefined": false
      }
    ],
    "isTemplate": false,
    "count": 0,
    "lang": "en",
    "updated": 0
  }
]