[
  {
    "id": "e322883d-a111-460c-b47f-195bca8d8c5b",
    "data": [
      {
        "text": "Shikar Dhawan",
        "meta": "@sys.person",
        "alias": "playerName",
        "userDefined": false
      },
      {
        "text": "\u0027s records",
        "userDefined": false
      }
    ],
    "isTemplate": false,
    "count": 0,
    "lang": "en",
    "updated": 0
  },
  {
    "id": "4484e388-fcbe-4943-aa52-f6d6c40786ff",
    "data": [
      {
        "text": "Steven smith",
        "meta": "@sys.person",
        "alias": "playerName",
        "userDefined": true
      },
      {
        "text": "\u0027s recent record",
        "userDefined": false
      }
    ],
    "isTemplate": false,
    "count": 0,
    "lang": "en",
    "updated": 0
  },
  {
    "id": "f0a124d6-c5bc-4c02-91d2-fe503376e747",
    "data": [
      {
        "text": "recent records of ",
        "userDefined": false
      },
      {
        "text": "Virat Kohli",
        "meta": "@sys.person",
        "alias": "playerName",
        "userDefined": false
      }
    ],
    "isTemplate": false,
    "count": 0,
    "lang": "en",
    "updated": 0
  }
]