[
  {
    "id": "9a06c20c-d7d4-4c45-ba15-987489604278",
    "data": [
      {
        "text": "Get info about ",
        "userDefined": false
      },
      {
        "text": "Rahul Dravid",
        "meta": "@sys.person",
        "alias": "person",
        "userDefined": false
      }
    ],
    "isTemplate": false,
    "count": 0,
    "lang": "en",
    "updated": 0
  },
  {
    "id": "477db3d2-2d49-490d-9b6f-3347a1dd242b",
    "data": [
      {
        "text": "Tell me about ",
        "userDefined": false
      },
      {
        "text": "Rohit Sharma",
        "meta": "@sys.person",
        "alias": "person",
        "userDefined": false
      }
    ],
    "isTemplate": false,
    "count": 0,
    "lang": "en",
    "updated": 0
  },
  {
    "id": "de7751f6-9c34-42f8-8bf7-d854f54b915d",
    "data": [
      {
        "text": "can you fetch details of ",
        "userDefined": false
      },
      {
        "text": "Smith",
        "meta": "@sys.person",
        "alias": "person",
        "userDefined": false
      }
    ],
    "isTemplate": false,
    "count": 0,
    "lang": "en",
    "updated": 0
  },
  {
    "id": "ce60aa81-3418-41f0-9cd0-2e2b83fc57d5",
    "data": [
      {
        "text": "Who is ",
        "userDefined": false
      },
      {
        "text": "kohli",
        "meta": "@sys.person",
        "alias": "person",
        "userDefined": false
      }
    ],
    "isTemplate": false,
    "count": 0,
    "lang": "en",
    "updated": 0
  },
  {
    "id": "90bbad54-ad13-4f39-8520-3a09ffdfb446",
    "data": [
      {
        "text": "Can you get details of ",
        "userDefined": false
      },
      {
        "text": "Kohli",
        "meta": "@sys.person",
        "alias": "person",
        "userDefined": true
      }
    ],
    "isTemplate": false,
    "count": 0,
    "lang": "en",
    "updated": 0
  }
]