[
  {
    "id": "20e0ff0a-f06e-45db-b224-67cb3fc8072b",
    "data": [
      {
        "text": "Rashid Khan Arman",
        "meta": "@sys.person",
        "alias": "person",
        "userDefined": false
      }
    ],
    "isTemplate": false,
    "count": 0,
    "lang": "en",
    "updated": 0
  },
  {
    "id": "04672860-9028-47c0-bbb5-70f641940848",
    "data": [
      {
        "text": "Sachin Ramesh Tendulkar",
        "meta": "@sys.person",
        "alias": "person",
        "userDefined": false
      }
    ],
    "isTemplate": false,
    "count": 0,
    "lang": "en",
    "updated": 0
  },
  {
    "id": "346cb09e-d329-4de5-925f-1a83e6f5782f",
    "data": [
      {
        "text": "Steve Peter Devereux Smith",
        "meta": "@sys.person",
        "alias": "person",
        "userDefined": true
      }
    ],
    "isTemplate": false,
    "count": 0,
    "lang": "en",
    "updated": 0
  }
]