[
  {
    "id": "cd584496-a05d-4e36-a709-4b9e6025530a",
    "data": [
      {
        "text": "Jasprit Bumrah",
        "meta": "@sys.person",
        "alias": "playerName",
        "userDefined": false
      },
      {
        "text": "\u0027s latest figures",
        "userDefined": false
      }
    ],
    "isTemplate": false,
    "count": 0,
    "lang": "en",
    "updated": 0
  },
  {
    "id": "2da22913-062e-4303-81ec-919226495290",
    "data": [
      {
        "text": "latest scores of ",
        "userDefined": false
      },
      {
        "text": "KL Rahul",
        "meta": "@sys.person",
        "alias": "playerName",
        "userDefined": false
      },
      {
        "text": "\u0027s",
        "userDefined": false
      }
    ],
    "isTemplate": false,
    "count": 0,
    "lang": "en",
    "updated": 0
  },
  {
    "id": "c6c0c0fe-c006-45a0-9536-d32b03c3ea7a",
    "data": [
      {
        "text": "David Warner",
        "meta": "@sys.person",
        "alias": "playerName",
        "userDefined": false
      },
      {
        "text": "\u0027s recent scores",
        "userDefined": false
      }
    ],
    "isTemplate": false,
    "count": 0,
    "lang": "en",
    "updated": 0
  },
  {
    "id": "71a3962b-2bc7-49c1-a4a0-c6ae9211fa3d",
    "data": [
      {
        "text": "Recent performance of ",
        "userDefined": false
      },
      {
        "text": "Shreyas Iyer",
        "meta": "@sys.person",
        "alias": "playerName",
        "userDefined": false
      }
    ],
    "isTemplate": false,
    "count": 0,
    "lang": "en",
    "updated": 0
  },
  {
    "id": "0b866193-2eda-4485-bc8d-26d4eece8674",
    "data": [
      {
        "text": "what is ",
        "userDefined": false
      },
      {
        "text": "Virat Kohli",
        "meta": "@sys.person",
        "alias": "playerName",
        "userDefined": false
      },
      {
        "text": "\u0027s recent performance",
        "userDefined": false
      }
    ],
    "isTemplate": false,
    "count": 0,
    "lang": "en",
    "updated": 0
  }
]