[
  {
    "id": "9603e08a-b3a8-4f37-b6a9-c8e9e779667a",
    "data": [
      {
        "text": "play puzzle",
        "userDefined": false
      }
    ],
    "isTemplate": false,
    "count": 0,
    "lang": "en",
    "updated": 0
  },
  {
    "id": "4a219fe4-6317-46fe-8cb5-01cb546c2ce8",
    "data": [
      {
        "text": "quizup",
        "userDefined": false
      }
    ],
    "isTemplate": false,
    "count": 0,
    "lang": "en",
    "updated": 0
  },
  {
    "id": "75c18517-6731-4a86-a0a2-517934e436b1",
    "data": [
      {
        "text": "start quiz",
        "userDefined": false
      }
    ],
    "isTemplate": false,
    "count": 0,
    "lang": "en",
    "updated": 0
  },
  {
    "id": "9ad4cd12-a6d9-425b-bce4-71d69b8c450c",
    "data": [
      {
        "text": "cricket quiz",
        "userDefined": false
      }
    ],
    "isTemplate": false,
    "count": 0,
    "lang": "en",
    "updated": 0
  },
  {
    "id": "6604c2ed-eb34-41a4-a6c3-93ee936ac4ec",
    "data": [
      {
        "text": "crick",
        "meta": "@sys.ignore",
        "userDefined": false
      },
      {
        "text": " quiz",
        "userDefined": false
      }
    ],
    "isTemplate": false,
    "count": 0,
    "lang": "en",
    "updated": 0
  },
  {
    "id": "227fee46-1400-4a54-8cf4-12c9fc9c7419",
    "data": [
      {
        "text": "quiz",
        "userDefined": false
      }
    ],
    "isTemplate": false,
    "count": 0,
    "lang": "en",
    "updated": 0
  },
  {
    "id": "37959e85-5338-4e29-a30b-f2ca9b918b20",
    "data": [
      {
        "text": "play quiz",
        "userDefined": false
      }
    ],
    "isTemplate": false,
    "count": 0,
    "lang": "en",
    "updated": 0
  }
]