[
  {
    "id": "6754f271-e12a-4a22-a78d-46f58130523a",
    "data": [
      {
        "text": "exit",
        "meta": "@options",
        "alias": "options",
        "userDefined": false
      }
    ],
    "isTemplate": false,
    "count": 0,
    "lang": "en",
    "updated": 0
  },
  {
    "id": "02a24cff-0305-4749-b1dc-f2cf482d3d47",
    "data": [
      {
        "text": "c",
        "meta": "@options",
        "alias": "options",
        "userDefined": false
      }
    ],
    "isTemplate": false,
    "count": 0,
    "lang": "en",
    "updated": 0
  },
  {
    "id": "2a484f67-d3d3-4998-8bb1-2fefef167314",
    "data": [
      {
        "text": "b",
        "meta": "@options",
        "alias": "options",
        "userDefined": false
      }
    ],
    "isTemplate": false,
    "count": 0,
    "lang": "en",
    "updated": 0
  },
  {
    "id": "a58b7c41-541a-48b9-bd06-b28c98cd53f2",
    "data": [
      {
        "text": "a",
        "meta": "@options",
        "alias": "options",
        "userDefined": false
      }
    ],
    "isTemplate": false,
    "count": 0,
    "lang": "en",
    "updated": 0
  }
]