[
  {
    "id": "7eba519c-a95f-408f-a610-5ffff156214e",
    "data": [
      {
        "text": "begin",
        "meta": "@begin",
        "alias": "begin",
        "userDefined": false
      }
    ],
    "isTemplate": false,
    "count": 0,
    "lang": "en",
    "updated": 0
  },
  {
    "id": "d9b24d3f-a431-4d2e-9f9a-64a0bd566d62",
    "data": [
      {
        "text": "start",
        "meta": "@begin",
        "alias": "begin",
        "userDefined": false
      }
    ],
    "isTemplate": false,
    "count": 0,
    "lang": "en",
    "updated": 0
  }
]