[
  {
    "id": "5c00bfe8-f090-4435-832e-f727c325b7ae",
    "data": [
      {
        "text": "3",
        "meta": "@sys.number",
        "alias": "number",
        "userDefined": false
      },
      {
        "text": "rd game",
        "userDefined": false
      }
    ],
    "isTemplate": false,
    "count": 0,
    "lang": "en",
    "updated": 0
  },
  {
    "id": "655a16c4-c38e-4492-8fd3-68955e06a1b9",
    "data": [
      {
        "text": "two",
        "meta": "@sys.number",
        "alias": "number",
        "userDefined": false
      }
    ],
    "isTemplate": false,
    "count": 0,
    "lang": "en",
    "updated": 0
  },
  {
    "id": "5feb191c-a0cf-4f1b-a16d-6270f8d5ba77",
    "data": [
      {
        "text": "2",
        "meta": "@sys.number",
        "alias": "number",
        "userDefined": false
      }
    ],
    "isTemplate": false,
    "count": 0,
    "lang": "en",
    "updated": 0
  },
  {
    "id": "ee9c1b9e-d422-4908-a54f-a781778ef3ae",
    "data": [
      {
        "text": "can you set a reminder for ",
        "userDefined": false
      },
      {
        "text": "3",
        "meta": "@sys.number",
        "alias": "number",
        "userDefined": false
      },
      {
        "text": "rd game",
        "userDefined": false
      }
    ],
    "isTemplate": false,
    "count": 0,
    "lang": "en",
    "updated": 0
  },
  {
    "id": "3a39b691-c11f-44ea-8847-6277dcc80a99",
    "data": [
      {
        "text": "remind me for the ",
        "userDefined": false
      },
      {
        "text": "second",
        "meta": "@sys.number",
        "alias": "number",
        "userDefined": false
      },
      {
        "text": " game",
        "userDefined": false
      }
    ],
    "isTemplate": false,
    "count": 0,
    "lang": "en",
    "updated": 0
  }
]