[
  {
    "id": "474ba777-c5fd-42d9-8973-16d20d379fc5",
    "data": [
      {
        "text": "kushagra.shekhawat@hashedin.com",
        "meta": "@sys.email",
        "alias": "email",
        "userDefined": true
      },
      {
        "text": " score in quiz",
        "userDefined": false
      }
    ],
    "isTemplate": false,
    "count": 0,
    "lang": "en",
    "updated": 0
  },
  {
    "id": "44b0fc7c-ccf7-4bac-8ac7-cad01149be37",
    "data": [
      {
        "text": "what is the score of ",
        "userDefined": false
      },
      {
        "text": "kushagra.shekhawat@hashedin.com",
        "meta": "@sys.email",
        "alias": "email",
        "userDefined": true
      },
      {
        "text": " in quiz",
        "userDefined": false
      }
    ],
    "isTemplate": false,
    "count": 0,
    "lang": "en",
    "updated": 0
  }
]