[
  {
    "id": "308609e7-5fbf-47da-bb8b-93ae1eb665f8",
    "data": [
      {
        "text": "mine ",
        "userDefined": false
      },
      {
        "text": "score",
        "meta": "@options",
        "alias": "options",
        "userDefined": false
      }
    ],
    "isTemplate": false,
    "count": 0,
    "lang": "en",
    "updated": 0
  },
  {
    "id": "7eab7cf0-62ea-458b-bc55-12812827d13b",
    "data": [
      {
        "text": "how much did i ",
        "userDefined": false
      },
      {
        "text": "score",
        "meta": "@options",
        "alias": "options",
        "userDefined": false
      },
      {
        "text": " in the quiz",
        "userDefined": false
      }
    ],
    "isTemplate": false,
    "count": 0,
    "lang": "en",
    "updated": 0
  },
  {
    "id": "ca30eac8-ab53-4ef7-a8a8-53f5c370f112",
    "data": [
      {
        "text": "what is my ",
        "userDefined": false
      },
      {
        "text": "score",
        "meta": "@options",
        "alias": "options",
        "userDefined": false
      }
    ],
    "isTemplate": false,
    "count": 0,
    "lang": "en",
    "updated": 0
  }
]