[
  {
    "id": "cf9d186e-d2c9-442c-a1db-1c28dca05f1c",
    "data": [
      {
        "text": "I can\u0027t get no sleep",
        "userDefined": false
      }
    ],
    "isTemplate": false,
    "count": 0,
    "lang": "en",
    "updated": 0
  },
  {
    "id": "c5af2955-755b-422c-8f54-2739baab71b3",
    "data": [
      {
        "text": "I\u0027m insomniac",
        "userDefined": false
      }
    ],
    "isTemplate": false,
    "count": 0,
    "lang": "en",
    "updated": 0
  },
  {
    "id": "854a8e22-1ba1-4629-99cf-fc167201ba9e",
    "data": [
      {
        "text": "I can\u0027t get to sleep",
        "userDefined": false
      }
    ],
    "isTemplate": false,
    "count": 0,
    "lang": "en",
    "updated": 0
  },
  {
    "id": "7a6c4da0-33f3-4f3a-86e3-cc86441ebd55",
    "data": [
      {
        "text": "I can\u0027t ",
        "userDefined": false
      },
      {
        "text": "sleep",
        "meta": "@sys.ignore",
        "userDefined": false
      }
    ],
    "isTemplate": false,
    "count": 0,
    "lang": "en",
    "updated": 0
  },
  {
    "id": "def41441-5c91-4144-b2cc-037b077682f7",
    "data": [
      {
        "text": "I can\u0027t get any sleep",
        "userDefined": false
      }
    ],
    "isTemplate": false,
    "count": 0,
    "lang": "en",
    "updated": 0
  },
  {
    "id": "923a8a49-c39e-4f82-87ca-aeb0c9e5f76c",
    "data": [
      {
        "text": "I can\u0027t ",
        "userDefined": false
      },
      {
        "text": "fall",
        "meta": "@sys.ignore",
        "userDefined": false
      },
      {
        "text": " asleep",
        "userDefined": false
      }
    ],
    "isTemplate": false,
    "count": 0,
    "lang": "en",
    "updated": 0
  },
  {
    "id": "c73ed07a-fb02-47ad-b82f-8611769efaa5",
    "data": [
      {
        "text": "I\u0027",
        "userDefined": false
      },
      {
        "text": "m",
        "meta": "@sys.ignore",
        "userDefined": false
      },
      {
        "text": " sleepless",
        "userDefined": false
      }
    ],
    "isTemplate": false,
    "count": 0,
    "lang": "en",
    "updated": 0
  },
  {
    "id": "484fef1b-ab0c-49a9-bf03-13b7f28f0ba3",
    "data": [
      {
        "text": "I\u0027",
        "userDefined": false
      },
      {
        "text": "m",
        "meta": "@sys.ignore",
        "userDefined": false
      },
      {
        "text": " insomnious",
        "userDefined": false
      }
    ],
    "isTemplate": false,
    "count": 0,
    "lang": "en",
    "updated": 0
  }
]