[
  {
    "id": "eda12b8c-ff6b-4710-bcbd-761d0dbebe4a",
    "data": [
      {
        "text": "hold ",
        "userDefined": false
      },
      {
        "text": "on",
        "meta": "@sys.ignore",
        "userDefined": false
      }
    ],
    "isTemplate": false,
    "count": 0,
    "lang": "en",
    "updated": 0
  },
  {
    "id": "8fb7c232-227d-4e06-8b33-b168dfcc0daf",
    "data": [
      {
        "text": "could you wait",
        "userDefined": false
      }
    ],
    "isTemplate": false,
    "count": 0,
    "lang": "en",
    "updated": 0
  },
  {
    "id": "224a1eb7-78d4-4fe1-97d5-679f1a3d099f",
    "data": [
      {
        "text": "don",
        "meta": "@sys.ignore",
        "userDefined": false
      },
      {
        "text": "\u0027t ",
        "userDefined": false
      },
      {
        "text": "rush",
        "meta": "@sys.ignore",
        "userDefined": false
      }
    ],
    "isTemplate": false,
    "count": 0,
    "lang": "en",
    "updated": 0
  },
  {
    "id": "4cf59fb7-97b7-4b48-8813-2081c0867cc0",
    "data": [
      {
        "text": "oh wait",
        "userDefined": false
      }
    ],
    "isTemplate": false,
    "count": 0,
    "lang": "en",
    "updated": 0
  },
  {
    "id": "adb520a0-d519-4e5b-978c-5660bcef001d",
    "data": [
      {
        "text": "wait a second",
        "userDefined": false
      }
    ],
    "isTemplate": false,
    "count": 0,
    "lang": "en",
    "updated": 0
  },
  {
    "id": "a855b0e0-4ddf-413d-a1b6-3a71e02dffcf",
    "data": [
      {
        "text": "wait please",
        "userDefined": false
      }
    ],
    "isTemplate": false,
    "count": 0,
    "lang": "en",
    "updated": 0
  },
  {
    "id": "28067d48-7581-4d97-8c1e-8957f4a1630e",
    "data": [
      {
        "text": "wait hold ",
        "userDefined": false
      },
      {
        "text": "on",
        "meta": "@sys.ignore",
        "userDefined": false
      }
    ],
    "isTemplate": false,
    "count": 0,
    "lang": "en",
    "updated": 0
  },
  {
    "id": "e2f89458-570b-4d9f-bf7f-83d42b74d453",
    "data": [
      {
        "text": "wait",
        "userDefined": false
      }
    ],
    "isTemplate": false,
    "count": 0,
    "lang": "en",
    "updated": 0
  }
]