[
  {
    "id": "91d41a9d-f4e9-42cb-89de-a55e4b85cc7c",
    "data": [
      {
        "text": "I ",
        "userDefined": false
      },
      {
        "text": "don",
        "meta": "@sys.ignore",
        "userDefined": false
      },
      {
        "text": "\u0027t want to talk",
        "userDefined": false
      }
    ],
    "isTemplate": false,
    "count": 0,
    "lang": "en",
    "updated": 0
  },
  {
    "id": "327cf983-c93a-4b48-861c-0d589ae5d9c8",
    "data": [
      {
        "text": "I ",
        "userDefined": false
      },
      {
        "text": "don\u0027t",
        "meta": "@sys.ignore",
        "userDefined": false
      },
      {
        "text": " want to talk to you",
        "userDefined": false
      }
    ],
    "isTemplate": false,
    "count": 0,
    "lang": "en",
    "updated": 0
  },
  {
    "id": "a13ea76d-a960-4c20-a73d-452ef8417116",
    "data": [
      {
        "text": "I\u0027m not talking to you anymore",
        "userDefined": false
      }
    ],
    "isTemplate": false,
    "count": 0,
    "lang": "en",
    "updated": 0
  },
  {
    "id": "9fb6e5f8-7310-4812-9e63-edd0836958f2",
    "data": [
      {
        "text": "let\u0027s stop talking for a minute",
        "userDefined": false
      }
    ],
    "isTemplate": false,
    "count": 0,
    "lang": "en",
    "updated": 0
  },
  {
    "id": "0999be0a-7940-47f4-bfdd-fe936df0135d",
    "data": [
      {
        "text": "let\u0027s not talk",
        "userDefined": false
      }
    ],
    "isTemplate": false,
    "count": 0,
    "lang": "en",
    "updated": 0
  },
  {
    "id": "5290a148-e7fc-4a3d-8be8-7ed3c5d0a008",
    "data": [
      {
        "text": "I\u0027m not in the mood for chatting",
        "userDefined": false
      }
    ],
    "isTemplate": false,
    "count": 0,
    "lang": "en",
    "updated": 0
  },
  {
    "id": "99306a95-47d4-487c-bbc7-483a146efa6e",
    "data": [
      {
        "text": "bad time for talking",
        "userDefined": false
      }
    ],
    "isTemplate": false,
    "count": 0,
    "lang": "en",
    "updated": 0
  }
]