[
  {
    "id": "de3b3c3e-92b2-487f-9548-fa663eabcd50",
    "data": [
      {
        "text": "I\u0027m not happy",
        "userDefined": false
      }
    ],
    "isTemplate": false,
    "count": 0,
    "lang": "en",
    "updated": 0
  },
  {
    "id": "31a5f07d-8169-45e7-b71e-513d2e186e03",
    "data": [
      {
        "text": "I\u0027m having a bad day",
        "userDefined": false
      }
    ],
    "isTemplate": false,
    "count": 0,
    "lang": "en",
    "updated": 0
  },
  {
    "id": "150b87e6-e9b7-447f-b1b3-83fe230fa8f8",
    "data": [
      {
        "text": "I am feeling sad",
        "userDefined": false
      }
    ],
    "isTemplate": false,
    "count": 0,
    "lang": "en",
    "updated": 0
  },
  {
    "id": "9da26619-a468-4c44-95c0-cba426b4ba1b",
    "data": [
      {
        "text": "I am upset",
        "userDefined": false
      }
    ],
    "isTemplate": false,
    "count": 0,
    "lang": "en",
    "updated": 0
  },
  {
    "id": "b4d6fb06-d33e-4bc0-9eb7-ee60846b7741",
    "data": [
      {
        "text": "I",
        "meta": "@sys.ignore",
        "userDefined": false
      },
      {
        "text": " want ",
        "userDefined": false
      },
      {
        "text": "to",
        "meta": "@sys.ignore",
        "userDefined": false
      },
      {
        "text": " cry",
        "userDefined": false
      }
    ],
    "isTemplate": false,
    "count": 0,
    "lang": "en",
    "updated": 0
  },
  {
    "id": "5da87c36-b6fb-4e35-83f5-db290c219501",
    "data": [
      {
        "text": "I am depressed",
        "userDefined": false
      }
    ],
    "isTemplate": false,
    "count": 0,
    "lang": "en",
    "updated": 0
  },
  {
    "id": "41397f43-4e48-4403-af49-55d4e478da36",
    "data": [
      {
        "text": "I\u0027m unhappy",
        "userDefined": false
      }
    ],
    "isTemplate": false,
    "count": 0,
    "lang": "en",
    "updated": 0
  },
  {
    "id": "0d34435e-497d-46c2-a27d-404dd5bfca48",
    "data": [
      {
        "text": "I\u0027m grieving",
        "userDefined": false
      }
    ],
    "isTemplate": false,
    "count": 0,
    "lang": "en",
    "updated": 0
  },
  {
    "id": "69f969ce-a757-4960-9bd9-433efaa490c5",
    "data": [
      {
        "text": "I am sad",
        "userDefined": false
      }
    ],
    "isTemplate": false,
    "count": 0,
    "lang": "en",
    "updated": 0
  }
]