[
  {
    "id": "14857c95-2fa3-4d14-b255-5fe2b29140a0",
    "data": [
      {
        "text": "it",
        "meta": "@sys.ignore",
        "userDefined": false
      },
      {
        "text": " ",
        "userDefined": false
      },
      {
        "text": "is nice",
        "meta": "@sys.ignore",
        "userDefined": false
      },
      {
        "text": " talking to you",
        "userDefined": false
      }
    ],
    "isTemplate": false,
    "count": 0,
    "lang": "en",
    "updated": 0
  },
  {
    "id": "297d840e-46c0-4b33-a383-24acf082b6f2",
    "data": [
      {
        "text": "nice",
        "meta": "@sys.ignore",
        "userDefined": false
      },
      {
        "text": " to talk to you",
        "userDefined": false
      }
    ],
    "isTemplate": false,
    "count": 0,
    "lang": "en",
    "updated": 0
  },
  {
    "id": "f1cc40ec-63eb-4259-a0ea-442c7f61f085",
    "data": [
      {
        "text": "how ",
        "userDefined": false
      },
      {
        "text": "nice",
        "meta": "@sys.ignore",
        "userDefined": false
      },
      {
        "text": " ",
        "userDefined": false
      },
      {
        "text": "it",
        "meta": "@sys.ignore",
        "userDefined": false
      },
      {
        "text": " is to talk to you",
        "userDefined": false
      }
    ],
    "isTemplate": false,
    "count": 0,
    "lang": "en",
    "updated": 0
  },
  {
    "id": "78ee2bdb-2c9f-4d53-b7e9-3ecf8906f84f",
    "data": [
      {
        "text": "it\u0027s been so nice to talk to you",
        "userDefined": false
      }
    ],
    "isTemplate": false,
    "count": 0,
    "lang": "en",
    "updated": 0
  },
  {
    "id": "625c92be-51ef-434e-a310-2ae204aca004",
    "data": [
      {
        "text": "it\u0027s",
        "meta": "@sys.ignore",
        "userDefined": false
      },
      {
        "text": " ",
        "userDefined": false
      },
      {
        "text": "nice",
        "meta": "@sys.ignore",
        "userDefined": false
      },
      {
        "text": " to talk to you",
        "userDefined": false
      }
    ],
    "isTemplate": false,
    "count": 0,
    "lang": "en",
    "updated": 0
  },
  {
    "id": "aecb8c5f-2c08-4b0a-a10c-a977b33ef109",
    "data": [
      {
        "text": "nice",
        "meta": "@sys.ignore",
        "userDefined": false
      },
      {
        "text": " talking to you",
        "userDefined": false
      }
    ],
    "isTemplate": false,
    "count": 1,
    "lang": "en",
    "updated": 0
  },
  {
    "id": "1a5a0476-f543-4f88-b7ec-47dfdcd739e7",
    "data": [
      {
        "text": "it",
        "meta": "@sys.ignore",
        "userDefined": false
      },
      {
        "text": "\u0027",
        "userDefined": false
      },
      {
        "text": "s",
        "meta": "@sys.ignore",
        "userDefined": false
      },
      {
        "text": " ",
        "userDefined": false
      },
      {
        "text": "been",
        "meta": "@sys.ignore",
        "userDefined": false
      },
      {
        "text": " a ",
        "userDefined": false
      },
      {
        "text": "pleasure",
        "meta": "@sys.ignore",
        "userDefined": false
      },
      {
        "text": " ",
        "userDefined": false
      },
      {
        "text": "talking",
        "meta": "@sys.ignore",
        "userDefined": false
      },
      {
        "text": " ",
        "userDefined": false
      },
      {
        "text": "to",
        "meta": "@sys.ignore",
        "userDefined": false
      },
      {
        "text": " you",
        "userDefined": false
      }
    ],
    "isTemplate": false,
    "count": 0,
    "lang": "en",
    "updated": 0
  }
]