[
  {
    "id": "fd235f5a-736d-44aa-8141-6f3c50cf53a4",
    "data": [
      {
        "text": "welcome",
        "meta": "@sys.ignore",
        "userDefined": false
      },
      {
        "text": " ",
        "userDefined": false
      },
      {
        "text": "here",
        "meta": "@sys.ignore",
        "userDefined": false
      }
    ],
    "isTemplate": false,
    "count": 0,
    "lang": "en-gb",
    "updated": 0
  },
  {
    "id": "aecf259d-e995-4024-9872-2ea67b51a7a8",
    "data": [
      {
        "text": "anytime",
        "userDefined": false
      }
    ],
    "isTemplate": false,
    "count": 0,
    "lang": "en-gb",
    "updated": 0
  },
  {
    "id": "620372af-4b5b-40f4-a2e8-beea49ccf6b4",
    "data": [
      {
        "text": "sure",
        "meta": "@sys.ignore",
        "userDefined": false
      },
      {
        "text": " ",
        "userDefined": false
      },
      {
        "text": "welcome",
        "meta": "@sys.ignore",
        "userDefined": false
      }
    ],
    "isTemplate": false,
    "count": 0,
    "lang": "en-gb",
    "updated": 0
  },
  {
    "id": "30195fe2-0b9b-428a-bf3c-bef5d165b8df",
    "data": [
      {
        "text": "you\u0027re so ",
        "userDefined": false
      },
      {
        "text": "welcome",
        "meta": "@sys.ignore",
        "userDefined": false
      }
    ],
    "isTemplate": false,
    "count": 0,
    "lang": "en-gb",
    "updated": 0
  },
  {
    "id": "d49f9a51-57d4-4b80-8267-ed05e3e22e35",
    "data": [
      {
        "text": "anything you want",
        "userDefined": false
      }
    ],
    "isTemplate": false,
    "count": 0,
    "lang": "en-gb",
    "updated": 0
  },
  {
    "id": "bf7b78c2-9ac7-40af-82bb-73cb508ae4c4",
    "data": [
      {
        "text": "that\u0027s my pleasure",
        "userDefined": false
      }
    ],
    "isTemplate": false,
    "count": 0,
    "lang": "en-gb",
    "updated": 0
  },
  {
    "id": "d991a32e-714a-4956-8f45-7d2f07976c1e",
    "data": [
      {
        "text": "welcome",
        "meta": "@sys.ignore",
        "userDefined": false
      }
    ],
    "isTemplate": false,
    "count": 0,
    "lang": "en-gb",
    "updated": 0
  },
  {
    "id": "6a585c7c-ca99-45f5-a5ef-dc696c590879",
    "data": [
      {
        "text": "my pleasure",
        "userDefined": false
      }
    ],
    "isTemplate": false,
    "count": 0,
    "lang": "en-gb",
    "updated": 0
  },
  {
    "id": "fd6b59da-0f8c-4c64-86b3-c08070c57b1c",
    "data": [
      {
        "text": "you\u0027re ",
        "userDefined": false
      },
      {
        "text": "welcome",
        "meta": "@sys.ignore",
        "userDefined": false
      }
    ],
    "isTemplate": false,
    "count": 0,
    "lang": "en-gb",
    "updated": 0
  }
]