[
  {
    "id": "1f4e238d-2428-4aa1-8260-a48fdb556642",
    "data": [
      {
        "text": "what is ",
        "userDefined": false
      },
      {
        "text": "on",
        "meta": "@sys.ignore",
        "userDefined": false
      },
      {
        "text": " ",
        "userDefined": false
      },
      {
        "text": "your",
        "meta": "@sys.ignore",
        "userDefined": false
      },
      {
        "text": " mind",
        "userDefined": false
      }
    ],
    "isTemplate": false,
    "count": 0,
    "lang": "en",
    "updated": 0
  },
  {
    "id": "a8cee3c6-775d-4825-a6d1-5d6368d1dbb7",
    "data": [
      {
        "text": "good",
        "meta": "@sys.ignore",
        "userDefined": false
      },
      {
        "text": " what\u0027s up",
        "userDefined": false
      }
    ],
    "isTemplate": false,
    "count": 0,
    "lang": "en",
    "updated": 0
  },
  {
    "id": "699ba923-72ce-4dbc-8716-50041607e6a5",
    "data": [
      {
        "text": "what\u0027s ",
        "userDefined": false
      },
      {
        "text": "up",
        "meta": "@sys.ignore",
        "userDefined": true
      },
      {
        "text": " ",
        "userDefined": false
      },
      {
        "text": "today",
        "meta": "@sys.ignore",
        "userDefined": true
      }
    ],
    "isTemplate": false,
    "count": 0,
    "lang": "en",
    "updated": 0
  },
  {
    "id": "ff0ec943-e251-451a-bccc-a305735d2ce9",
    "data": [
      {
        "text": "what\u0027s shaking",
        "userDefined": false
      }
    ],
    "isTemplate": false,
    "count": 0,
    "lang": "en",
    "updated": 0
  },
  {
    "id": "7804672e-89b3-4015-932f-1c3b3d03532c",
    "data": [
      {
        "text": "what\u0027s cooking",
        "userDefined": false
      }
    ],
    "isTemplate": false,
    "count": 1,
    "lang": "en",
    "updated": 0
  },
  {
    "id": "4d97ad55-fbe9-45b2-b826-b624af4675e0",
    "data": [
      {
        "text": "what is going ",
        "userDefined": false
      },
      {
        "text": "on",
        "meta": "@sys.ignore",
        "userDefined": false
      }
    ],
    "isTemplate": false,
    "count": 0,
    "lang": "en",
    "updated": 0
  },
  {
    "id": "323463ef-8afc-48cc-ad87-c5bae0fcc057",
    "data": [
      {
        "text": "then what\u0027s up",
        "userDefined": false
      }
    ],
    "isTemplate": false,
    "count": 0,
    "lang": "en",
    "updated": 0
  },
  {
    "id": "8963d0a8-e73b-4649-b476-f2678a7843b8",
    "data": [
      {
        "text": "what is up",
        "userDefined": false
      }
    ],
    "isTemplate": false,
    "count": 0,
    "lang": "en",
    "updated": 0
  },
  {
    "id": "0db91535-a319-496c-894e-bfc4e06bff12",
    "data": [
      {
        "text": "wassup",
        "userDefined": false
      }
    ],
    "isTemplate": false,
    "count": 0,
    "lang": "en",
    "updated": 0
  },
  {
    "id": "2e9e9561-b7b5-4a24-9297-35c8075a2172",
    "data": [
      {
        "text": "what is happening",
        "userDefined": false
      }
    ],
    "isTemplate": false,
    "count": 0,
    "lang": "en",
    "updated": 0
  },
  {
    "id": "14feabe2-ed76-4758-95eb-cf26f2b8dd8e",
    "data": [
      {
        "text": "what\u0027s happened",
        "userDefined": false
      }
    ],
    "isTemplate": false,
    "count": 1,
    "lang": "en",
    "updated": 0
  },
  {
    "id": "55983c73-f138-485f-aee2-ed5a5f46e9af",
    "data": [
      {
        "text": "hey what\u0027s up",
        "userDefined": false
      }
    ],
    "isTemplate": false,
    "count": 0,
    "lang": "en",
    "updated": 0
  },
  {
    "id": "2c55d8eb-8cca-4776-98a3-ed736f685dcf",
    "data": [
      {
        "text": "what\u0027s cracking",
        "userDefined": false
      }
    ],
    "isTemplate": false,
    "count": 0,
    "lang": "en",
    "updated": 0
  },
  {
    "id": "9e8ad8b7-0ee3-4d96-88f9-6d0e27381a37",
    "data": [
      {
        "text": "what\u0027s up",
        "userDefined": false
      }
    ],
    "isTemplate": false,
    "count": 0,
    "lang": "en",
    "updated": 0
  },
  {
    "id": "b43cdfb1-fa12-4f22-bc5b-4fc6648216fd",
    "data": [
      {
        "text": "I said what\u0027s up",
        "userDefined": false
      }
    ],
    "isTemplate": false,
    "count": 0,
    "lang": "en",
    "updated": 0
  },
  {
    "id": "ce709b37-239f-4830-9f00-632c7bec8826",
    "data": [
      {
        "text": "whazzup",
        "userDefined": false
      }
    ],
    "isTemplate": false,
    "count": 0,
    "lang": "en",
    "updated": 0
  }
]