[
  {
    "id": "3fc817ae-f5ca-47e2-8504-91fa76f26d7f",
    "data": [
      {
        "text": "not needed",
        "userDefined": false
      }
    ],
    "isTemplate": false,
    "count": 0,
    "lang": "en",
    "updated": 0
  },
  {
    "id": "397649cb-9d69-423c-b93e-32d49a368e53",
    "data": [
      {
        "text": "no sorry",
        "userDefined": false
      }
    ],
    "isTemplate": false,
    "count": 0,
    "lang": "en",
    "updated": 0
  },
  {
    "id": "8d7db520-33e6-475b-aad2-af8aa1058489",
    "data": [
      {
        "text": "no",
        "userDefined": false
      }
    ],
    "isTemplate": false,
    "count": 0,
    "lang": "en",
    "updated": 0
  },
  {
    "id": "ce069eee-30ca-4f0a-9a5e-6af8509cc83a",
    "data": [
      {
        "text": "no incorrect",
        "userDefined": false
      }
    ],
    "isTemplate": false,
    "count": 0,
    "lang": "en",
    "updated": 0
  },
  {
    "id": "fbd890bb-0048-4995-b454-16362fa77064",
    "data": [
      {
        "text": "apparently not",
        "userDefined": false
      }
    ],
    "isTemplate": false,
    "count": 0,
    "lang": "en",
    "updated": 0
  },
  {
    "id": "f5462307-7a22-4aab-96b7-c223fb31beee",
    "data": [
      {
        "text": "of",
        "meta": "@sys.ignore",
        "userDefined": false
      },
      {
        "text": " course not",
        "userDefined": false
      }
    ],
    "isTemplate": false,
    "count": 0,
    "lang": "en",
    "updated": 0
  },
  {
    "id": "acfb3cc8-0574-488f-b8bc-d653a51cfa29",
    "data": [
      {
        "text": "not at this time",
        "userDefined": false
      }
    ],
    "isTemplate": false,
    "count": 0,
    "lang": "en",
    "updated": 0
  },
  {
    "id": "2da2808e-bf55-432d-8162-7fb52e251180",
    "data": [
      {
        "text": "no forget",
        "userDefined": false
      }
    ],
    "isTemplate": false,
    "count": 0,
    "lang": "en",
    "updated": 0
  },
  {
    "id": "cf024680-f3cd-450c-81c2-914ac9f0044e",
    "data": [
      {
        "text": "no thanks",
        "userDefined": false
      }
    ],
    "isTemplate": false,
    "count": 1,
    "lang": "en",
    "updated": 0
  },
  {
    "id": "7488b1c7-164a-4e51-b3ea-608f644b1bd8",
    "data": [
      {
        "text": "actually no",
        "userDefined": false
      }
    ],
    "isTemplate": false,
    "count": 1,
    "lang": "en",
    "updated": 0
  },
  {
    "id": "47e52f77-8663-412a-b5a2-6de1e830c673",
    "data": [
      {
        "text": "no tanks",
        "userDefined": false
      }
    ],
    "isTemplate": false,
    "count": 0,
    "lang": "en",
    "updated": 0
  },
  {
    "id": "b1ac9cd4-3b1a-4424-9c18-eb591a247122",
    "data": [
      {
        "text": "absolutely no",
        "userDefined": false
      }
    ],
    "isTemplate": false,
    "count": 0,
    "lang": "en",
    "updated": 0
  },
  {
    "id": "c46170c0-7e13-4d7b-8adb-c0598299c520",
    "data": [
      {
        "text": "don\u0027t",
        "userDefined": false
      }
    ],
    "isTemplate": false,
    "count": 0,
    "lang": "en",
    "updated": 0
  },
  {
    "id": "6c4e7a78-1c45-49fa-b9c9-009cc3223494",
    "data": [
      {
        "text": "no ",
        "userDefined": false
      },
      {
        "text": "leave",
        "meta": "@sys.ignore",
        "userDefined": false
      },
      {
        "text": " ",
        "userDefined": false
      },
      {
        "text": "it",
        "meta": "@sys.ignore",
        "userDefined": false
      }
    ],
    "isTemplate": false,
    "count": 0,
    "lang": "en",
    "updated": 0
  },
  {
    "id": "e7f6a4f0-b5d2-400e-a5a0-eb7da264814e",
    "data": [
      {
        "text": "na",
        "userDefined": false
      }
    ],
    "isTemplate": false,
    "count": 0,
    "lang": "en",
    "updated": 0
  },
  {
    "id": "2fbb8aa5-8678-4e9d-a9fb-2b71b5886350",
    "data": [
      {
        "text": "nope sorry",
        "userDefined": false
      }
    ],
    "isTemplate": false,
    "count": 0,
    "lang": "en",
    "updated": 0
  },
  {
    "id": "ac4738cb-25e0-42ed-8aa9-531474a33756",
    "data": [
      {
        "text": "not really",
        "userDefined": false
      }
    ],
    "isTemplate": false,
    "count": 1,
    "lang": "en",
    "updated": 0
  },
  {
    "id": "4cd27c1e-909e-4010-b454-fd1e6112e615",
    "data": [
      {
        "text": "no thank you though",
        "userDefined": false
      }
    ],
    "isTemplate": false,
    "count": 0,
    "lang": "en",
    "updated": 0
  },
  {
    "id": "75d5dbfb-98f5-40c7-a754-d770549e4be7",
    "data": [
      {
        "text": "don",
        "meta": "@sys.ignore",
        "userDefined": false
      },
      {
        "text": "\u0027t",
        "userDefined": false
      }
    ],
    "isTemplate": false,
    "count": 0,
    "lang": "en",
    "updated": 0
  },
  {
    "id": "b247da25-d6f8-423d-bd2e-d774a69a2efb",
    "data": [
      {
        "text": "no ",
        "userDefined": false
      },
      {
        "text": "it\u0027s",
        "meta": "@sys.ignore",
        "userDefined": false
      },
      {
        "text": " not",
        "userDefined": false
      }
    ],
    "isTemplate": false,
    "count": 0,
    "lang": "en",
    "updated": 0
  },
  {
    "id": "4a96c58d-00fe-4a43-9d4b-8a754563de25",
    "data": [
      {
        "text": "no but thank you",
        "userDefined": false
      }
    ],
    "isTemplate": false,
    "count": 0,
    "lang": "en",
    "updated": 0
  },
  {
    "id": "b222586e-6312-4cbd-8265-d8c198dd78c0",
    "data": [
      {
        "text": "no actually",
        "userDefined": false
      }
    ],
    "isTemplate": false,
    "count": 1,
    "lang": "en",
    "updated": 0
  },
  {
    "id": "4e543ee6-1b26-46bf-8c7f-cb406946f407",
    "data": [
      {
        "text": "no ",
        "userDefined": false
      },
      {
        "text": "it",
        "meta": "@sys.ignore",
        "userDefined": false
      },
      {
        "text": " isn\u0027t",
        "userDefined": false
      }
    ],
    "isTemplate": false,
    "count": 0,
    "lang": "en",
    "updated": 0
  },
  {
    "id": "562d2cdc-596a-40a4-8453-badd2a3fa0c2",
    "data": [
      {
        "text": "no that\u0027s wrong",
        "userDefined": false
      }
    ],
    "isTemplate": false,
    "count": 0,
    "lang": "en",
    "updated": 0
  },
  {
    "id": "4377ee73-891e-4feb-a1cf-c4089e559c2e",
    "data": [
      {
        "text": "I ",
        "userDefined": false
      },
      {
        "text": "don",
        "meta": "@sys.ignore",
        "userDefined": false
      },
      {
        "text": "\u0027t want that",
        "userDefined": false
      }
    ],
    "isTemplate": false,
    "count": 0,
    "lang": "en",
    "updated": 0
  },
  {
    "id": "52fb936b-27a1-4043-85d6-fe0b503e699e",
    "data": [
      {
        "text": "no ",
        "userDefined": false
      },
      {
        "text": "thank you",
        "meta": "@sys.ignore",
        "userDefined": false
      },
      {
        "text": " not ",
        "userDefined": false
      },
      {
        "text": "right now",
        "meta": "@sys.ignore",
        "userDefined": false
      }
    ],
    "isTemplate": false,
    "count": 0,
    "lang": "en",
    "updated": 0
  },
  {
    "id": "8dd63b31-4a25-46f0-95da-54c4e8ecf7d4",
    "data": [
      {
        "text": "sorry no",
        "userDefined": false
      }
    ],
    "isTemplate": false,
    "count": 0,
    "lang": "en",
    "updated": 0
  },
  {
    "id": "d3fb86c2-d323-4179-8043-712c429670b7",
    "data": [
      {
        "text": "nooo",
        "userDefined": false
      }
    ],
    "isTemplate": false,
    "count": 0,
    "lang": "en",
    "updated": 0
  },
  {
    "id": "1235f14d-2f58-4ce2-92a6-2772a7dec132",
    "data": [
      {
        "text": "no thank you very much",
        "userDefined": false
      }
    ],
    "isTemplate": false,
    "count": 0,
    "lang": "en",
    "updated": 0
  },
  {
    "id": "6e55b25c-c423-44f4-8b1e-1b59c2530c36",
    "data": [
      {
        "text": "do not",
        "userDefined": false
      }
    ],
    "isTemplate": false,
    "count": 0,
    "lang": "en",
    "updated": 0
  },
  {
    "id": "e9e3b828-f9cd-42db-9cf1-53fcedbf45c4",
    "data": [
      {
        "text": "no do not",
        "userDefined": false
      }
    ],
    "isTemplate": false,
    "count": 0,
    "lang": "en",
    "updated": 0
  },
  {
    "id": "3bca3d75-a9eb-4d7e-8e3a-da3a9ba549b3",
    "data": [
      {
        "text": "no don\u0027t",
        "userDefined": false
      }
    ],
    "isTemplate": false,
    "count": 0,
    "lang": "en",
    "updated": 0
  },
  {
    "id": "fe6a9c10-31e7-455e-8256-cb4ee24be540",
    "data": [
      {
        "text": "no need thanks",
        "userDefined": false
      }
    ],
    "isTemplate": false,
    "count": 0,
    "lang": "en",
    "updated": 0
  },
  {
    "id": "89b45266-334b-4c08-94b2-6d6c8143ac4a",
    "data": [
      {
        "text": "I say no",
        "userDefined": false
      }
    ],
    "isTemplate": false,
    "count": 0,
    "lang": "en",
    "updated": 0
  },
  {
    "id": "78fa8818-d4cd-4d28-b822-4713ac407b39",
    "data": [
      {
        "text": "I said no",
        "userDefined": false
      }
    ],
    "isTemplate": false,
    "count": 0,
    "lang": "en",
    "updated": 0
  },
  {
    "id": "b4b63878-5a3f-467d-b775-d50f8bc82218",
    "data": [
      {
        "text": "not ",
        "userDefined": false
      },
      {
        "text": "today",
        "meta": "@sys.ignore",
        "userDefined": false
      }
    ],
    "isTemplate": false,
    "count": 0,
    "lang": "en",
    "updated": 0
  },
  {
    "id": "d516e9e5-04ef-4edc-9d3b-87e894d6810c",
    "data": [
      {
        "text": "not that",
        "userDefined": false
      }
    ],
    "isTemplate": false,
    "count": 0,
    "lang": "en",
    "updated": 0
  },
  {
    "id": "9cb26f77-2cc9-4593-b55c-f12d0c25d2df",
    "data": [
      {
        "text": "no ",
        "userDefined": false
      },
      {
        "text": "don\u0027",
        "meta": "@sys.ignore",
        "userDefined": false
      },
      {
        "text": "t do that",
        "userDefined": false
      }
    ],
    "isTemplate": false,
    "count": 0,
    "lang": "en",
    "updated": 0
  },
  {
    "id": "0075197b-390d-47c2-baac-8b677a325fcb",
    "data": [
      {
        "text": "absolutely not",
        "userDefined": false
      }
    ],
    "isTemplate": false,
    "count": 1,
    "lang": "en",
    "updated": 0
  },
  {
    "id": "8ffc37cb-2528-4770-8a17-a4b463156746",
    "data": [
      {
        "text": "no just no",
        "userDefined": false
      }
    ],
    "isTemplate": false,
    "count": 0,
    "lang": "en",
    "updated": 0
  },
  {
    "id": "50383cb2-4d44-4437-b853-0e2a1a18a89d",
    "data": [
      {
        "text": "don t have a sense",
        "userDefined": false
      }
    ],
    "isTemplate": false,
    "count": 0,
    "lang": "en",
    "updated": 0
  },
  {
    "id": "8d445f7b-52ae-4d4c-a0a1-d4620d73ebb7",
    "data": [
      {
        "text": "not really no",
        "userDefined": false
      }
    ],
    "isTemplate": false,
    "count": 0,
    "lang": "en",
    "updated": 0
  },
  {
    "id": "e92b47ce-cf66-4232-84e3-bdb46746de85",
    "data": [
      {
        "text": "not exactly",
        "userDefined": false
      }
    ],
    "isTemplate": false,
    "count": 0,
    "lang": "en",
    "updated": 0
  },
  {
    "id": "4bfba375-cb9c-4864-afd1-bb85e53dedbe",
    "data": [
      {
        "text": "no thanks not right now",
        "userDefined": false
      }
    ],
    "isTemplate": false,
    "count": 0,
    "lang": "en",
    "updated": 0
  },
  {
    "id": "556f03c8-ba24-4837-9172-7b698b6aeae0",
    "data": [
      {
        "text": "thanks but no thanks",
        "userDefined": false
      }
    ],
    "isTemplate": false,
    "count": 0,
    "lang": "en",
    "updated": 0
  },
  {
    "id": "5c3cb060-b1b2-44af-be53-92ab6831fd32",
    "data": [
      {
        "text": "I think no",
        "userDefined": false
      }
    ],
    "isTemplate": false,
    "count": 0,
    "lang": "en",
    "updated": 0
  },
  {
    "id": "07a041b3-c2b3-4430-aff6-20ca4fda466c",
    "data": [
      {
        "text": "not interested",
        "userDefined": false
      }
    ],
    "isTemplate": false,
    "count": 0,
    "lang": "en",
    "updated": 0
  },
  {
    "id": "1c81f4b8-baa6-4192-9167-a667cfee4c2d",
    "data": [
      {
        "text": "I ",
        "userDefined": false
      },
      {
        "text": "don\u0027t",
        "meta": "@sys.ignore",
        "userDefined": false
      },
      {
        "text": " want to",
        "userDefined": false
      }
    ],
    "isTemplate": false,
    "count": 0,
    "lang": "en",
    "updated": 0
  },
  {
    "id": "e698f387-f0da-4326-8742-2c1a7a786fa2",
    "data": [
      {
        "text": "I\u0027m not",
        "userDefined": false
      }
    ],
    "isTemplate": false,
    "count": 1,
    "lang": "en",
    "updated": 0
  },
  {
    "id": "56158af4-3fca-40e3-adbb-65e09bfa6c64",
    "data": [
      {
        "text": "no that\u0027s ",
        "userDefined": false
      },
      {
        "text": "fine",
        "meta": "@sys.ignore",
        "userDefined": false
      },
      {
        "text": " ",
        "userDefined": false
      },
      {
        "text": "thank you",
        "meta": "@sys.ignore",
        "userDefined": false
      }
    ],
    "isTemplate": false,
    "count": 0,
    "lang": "en",
    "updated": 0
  },
  {
    "id": "f0b9dde1-bfb7-4347-85ff-435edc403cff",
    "data": [
      {
        "text": "no way",
        "userDefined": false
      }
    ],
    "isTemplate": false,
    "count": 0,
    "lang": "en",
    "updated": 0
  },
  {
    "id": "72f5ad93-4d96-4f2b-bd42-fcc0cbb70fcd",
    "data": [
      {
        "text": "not this time",
        "userDefined": false
      }
    ],
    "isTemplate": false,
    "count": 0,
    "lang": "en",
    "updated": 0
  },
  {
    "id": "8a610d39-4267-4b11-b38e-52635861facd",
    "data": [
      {
        "text": "never",
        "userDefined": false
      }
    ],
    "isTemplate": false,
    "count": 0,
    "lang": "en",
    "updated": 0
  },
  {
    "id": "1c37edc1-4d33-4226-ac8c-06c551b5131b",
    "data": [
      {
        "text": "not ",
        "userDefined": false
      },
      {
        "text": "right now",
        "meta": "@sys.ignore",
        "userDefined": false
      },
      {
        "text": " thanks",
        "userDefined": false
      }
    ],
    "isTemplate": false,
    "count": 0,
    "lang": "en",
    "updated": 0
  },
  {
    "id": "f78d38b2-0739-4f87-9b67-56efe5bd7441",
    "data": [
      {
        "text": "I ",
        "userDefined": false
      },
      {
        "text": "don\u0027t",
        "meta": "@sys.ignore",
        "userDefined": false
      },
      {
        "text": " think so",
        "userDefined": false
      }
    ],
    "isTemplate": false,
    "count": 0,
    "lang": "en",
    "updated": 0
  },
  {
    "id": "22487c12-2c83-4ab1-82bc-f857bd313235",
    "data": [
      {
        "text": "I disagree",
        "userDefined": false
      }
    ],
    "isTemplate": false,
    "count": 0,
    "lang": "en",
    "updated": 0
  },
  {
    "id": "5fd18b14-93d5-4ecf-8961-f762e191fd13",
    "data": [
      {
        "text": "no never",
        "userDefined": false
      }
    ],
    "isTemplate": false,
    "count": 0,
    "lang": "en",
    "updated": 0
  },
  {
    "id": "e0762c52-1325-476d-b4ef-86bbaef7a276",
    "data": [
      {
        "text": "no I ",
        "userDefined": false
      },
      {
        "text": "don\u0027t",
        "meta": "@sys.ignore",
        "userDefined": false
      }
    ],
    "isTemplate": false,
    "count": 0,
    "lang": "en",
    "updated": 0
  },
  {
    "id": "a291348d-2872-46e5-81c5-eb01d6c371a8",
    "data": [
      {
        "text": "let \u0027s not",
        "userDefined": false
      }
    ],
    "isTemplate": false,
    "count": 0,
    "lang": "en",
    "updated": 0
  },
  {
    "id": "3090a658-dc13-43c3-9765-8de151bfb34e",
    "data": [
      {
        "text": "no need",
        "userDefined": false
      }
    ],
    "isTemplate": false,
    "count": 0,
    "lang": "en",
    "updated": 0
  },
  {
    "id": "ac552616-8c29-4dcf-9176-9172bc1b7765",
    "data": [
      {
        "text": "how ",
        "userDefined": false
      },
      {
        "text": "about",
        "meta": "@sys.ignore",
        "userDefined": false
      },
      {
        "text": " no",
        "userDefined": false
      }
    ],
    "isTemplate": false,
    "count": 0,
    "lang": "en",
    "updated": 0
  },
  {
    "id": "2b8cebb4-288e-4e1e-82cf-93ed6681dbf0",
    "data": [
      {
        "text": "definitely not",
        "userDefined": false
      }
    ],
    "isTemplate": false,
    "count": 0,
    "lang": "en",
    "updated": 0
  },
  {
    "id": "9883e4cf-65b3-40f4-8533-7df6aa11ba34",
    "data": [
      {
        "text": "no I would not",
        "userDefined": false
      }
    ],
    "isTemplate": false,
    "count": 0,
    "lang": "en",
    "updated": 0
  },
  {
    "id": "ea398019-d739-45d7-9b90-e878be807f49",
    "data": [
      {
        "text": "disagree",
        "userDefined": false
      }
    ],
    "isTemplate": false,
    "count": 0,
    "lang": "en",
    "updated": 0
  },
  {
    "id": "4dcadd13-a515-4029-aea4-ac671b505326",
    "data": [
      {
        "text": "nah",
        "userDefined": false
      }
    ],
    "isTemplate": false,
    "count": 0,
    "lang": "en",
    "updated": 0
  },
  {
    "id": "d778eaef-9447-4c12-aedd-f4dbf99a0094",
    "data": [
      {
        "text": "I ",
        "userDefined": false
      },
      {
        "text": "don",
        "meta": "@sys.ignore",
        "userDefined": false
      },
      {
        "text": "\u0027t want",
        "userDefined": false
      }
    ],
    "isTemplate": false,
    "count": 0,
    "lang": "en",
    "updated": 0
  },
  {
    "id": "6aa6f2d6-fff9-4496-9cfa-0e83ca950dcd",
    "data": [
      {
        "text": "not this",
        "userDefined": false
      }
    ],
    "isTemplate": false,
    "count": 0,
    "lang": "en",
    "updated": 0
  },
  {
    "id": "32ddb276-ea2c-48a1-af18-76a86af6321e",
    "data": [
      {
        "text": "nope",
        "userDefined": false
      }
    ],
    "isTemplate": false,
    "count": 1,
    "lang": "en",
    "updated": 0
  }
]