[
  {
    "id": "79267dea-ae9f-4f05-a086-6f34ca77d287",
    "data": [
      {
        "text": "welcome",
        "meta": "@sys.ignore",
        "userDefined": false
      },
      {
        "text": " ",
        "userDefined": false
      },
      {
        "text": "here",
        "meta": "@sys.ignore",
        "userDefined": false
      }
    ],
    "isTemplate": false,
    "count": 0,
    "lang": "en",
    "updated": 0
  },
  {
    "id": "a29a1ec1-11cc-486d-8331-07b578ccd5f8",
    "data": [
      {
        "text": "anytime",
        "userDefined": false
      }
    ],
    "isTemplate": false,
    "count": 0,
    "lang": "en",
    "updated": 0
  },
  {
    "id": "29ac3544-2619-4511-8964-c0b2487f8685",
    "data": [
      {
        "text": "sure",
        "meta": "@sys.ignore",
        "userDefined": false
      },
      {
        "text": " ",
        "userDefined": false
      },
      {
        "text": "welcome",
        "meta": "@sys.ignore",
        "userDefined": false
      }
    ],
    "isTemplate": false,
    "count": 0,
    "lang": "en",
    "updated": 0
  },
  {
    "id": "8d24bce4-5041-4d4c-90d5-e39a9cb30ebd",
    "data": [
      {
        "text": "you\u0027re so ",
        "userDefined": false
      },
      {
        "text": "welcome",
        "meta": "@sys.ignore",
        "userDefined": false
      }
    ],
    "isTemplate": false,
    "count": 0,
    "lang": "en",
    "updated": 0
  },
  {
    "id": "0a32aa47-e56b-4590-a3ce-82e380aef4f6",
    "data": [
      {
        "text": "anything you want",
        "userDefined": false
      }
    ],
    "isTemplate": false,
    "count": 0,
    "lang": "en",
    "updated": 0
  },
  {
    "id": "231d85ce-0794-4554-ad21-ac844f150576",
    "data": [
      {
        "text": "that\u0027s my pleasure",
        "userDefined": false
      }
    ],
    "isTemplate": false,
    "count": 0,
    "lang": "en",
    "updated": 0
  },
  {
    "id": "a0b44db5-432f-4885-81ea-ae3ae059b58f",
    "data": [
      {
        "text": "welcome",
        "meta": "@sys.ignore",
        "userDefined": false
      }
    ],
    "isTemplate": false,
    "count": 0,
    "lang": "en",
    "updated": 0
  },
  {
    "id": "3d207177-1ec7-4bb5-b86b-8773f052798f",
    "data": [
      {
        "text": "my pleasure",
        "userDefined": false
      }
    ],
    "isTemplate": false,
    "count": 0,
    "lang": "en",
    "updated": 0
  },
  {
    "id": "73ec4c47-569c-430e-8b3b-ee50987a8f55",
    "data": [
      {
        "text": "you\u0027re ",
        "userDefined": false
      },
      {
        "text": "welcome",
        "meta": "@sys.ignore",
        "userDefined": false
      }
    ],
    "isTemplate": false,
    "count": 0,
    "lang": "en",
    "updated": 0
  }
]