[
  {
    "id": "c2809a62-b874-42b0-bebd-f540efeebf05",
    "data": [
      {
        "text": "hahaha very ",
        "userDefined": false
      },
      {
        "text": "funny",
        "meta": "@sys.ignore",
        "userDefined": false
      }
    ],
    "isTemplate": false,
    "count": 0,
    "lang": "en-au",
    "updated": 0
  },
  {
    "id": "77a30717-c7ce-4a0a-9841-e23987033e3e",
    "data": [
      {
        "text": "laughing out ",
        "userDefined": false
      },
      {
        "text": "loud",
        "meta": "@sys.ignore",
        "userDefined": true
      }
    ],
    "isTemplate": false,
    "count": 0,
    "lang": "en-au",
    "updated": 0
  },
  {
    "id": "436da0e9-481a-46f6-8b63-4eb5aa7ba514",
    "data": [
      {
        "text": "hah",
        "userDefined": false
      }
    ],
    "isTemplate": false,
    "count": 0,
    "lang": "en-au",
    "updated": 0
  },
  {
    "id": "ec913794-f0be-47de-a241-8ef9b67a9d7c",
    "data": [
      {
        "text": "LMAO",
        "userDefined": false
      }
    ],
    "isTemplate": false,
    "count": 1,
    "lang": "en-au",
    "updated": 0
  },
  {
    "id": "c934b125-4628-417e-a65d-8d5eca5e5892",
    "data": [
      {
        "text": "ahah",
        "userDefined": false
      }
    ],
    "isTemplate": false,
    "count": 0,
    "lang": "en-au",
    "updated": 0
  },
  {
    "id": "08cc9fe8-de90-4cf6-87bb-024b5d964074",
    "data": [
      {
        "text": "xd",
        "userDefined": false
      }
    ],
    "isTemplate": false,
    "count": 0,
    "lang": "en-au",
    "updated": 0
  },
  {
    "id": "43492a42-6c19-4d0b-9551-aa38886cfa59",
    "data": [
      {
        "text": "haha haha haha",
        "userDefined": false
      }
    ],
    "isTemplate": false,
    "count": 0,
    "lang": "en-au",
    "updated": 0
  },
  {
    "id": "71949c4c-0a99-4dbc-b3cb-0777e1a090ca",
    "data": [
      {
        "text": "that\u0027s ",
        "userDefined": false
      },
      {
        "text": "funny",
        "meta": "@sys.ignore",
        "userDefined": true
      }
    ],
    "isTemplate": false,
    "count": 0,
    "lang": "en-au",
    "updated": 0
  },
  {
    "id": "79cf6546-8329-41e6-917e-e1c6c86dd929",
    "data": [
      {
        "text": "haha very ",
        "userDefined": false
      },
      {
        "text": "funny",
        "meta": "@sys.ignore",
        "userDefined": false
      }
    ],
    "isTemplate": false,
    "count": 0,
    "lang": "en-au",
    "updated": 0
  },
  {
    "id": "98122b7f-e8b5-46b3-adc6-ac0d7ae74d77",
    "data": [
      {
        "text": "ahaha",
        "userDefined": false
      }
    ],
    "isTemplate": false,
    "count": 0,
    "lang": "en-au",
    "updated": 0
  },
  {
    "id": "b3381bff-fb48-41a5-94e8-3d0247eecc75",
    "data": [
      {
        "text": "hahaha ",
        "userDefined": false
      },
      {
        "text": "funny",
        "meta": "@sys.ignore",
        "userDefined": false
      }
    ],
    "isTemplate": false,
    "count": 0,
    "lang": "en-au",
    "updated": 0
  },
  {
    "id": "3fbdce60-048e-4c85-9769-2f9c8cb3e04a",
    "data": [
      {
        "text": "lmao",
        "userDefined": false
      }
    ],
    "isTemplate": false,
    "count": 0,
    "lang": "en-au",
    "updated": 0
  },
  {
    "id": "a7cbf7e7-710c-4c9d-a22a-694a5b897e40",
    "data": [
      {
        "text": "hahaha",
        "userDefined": false
      }
    ],
    "isTemplate": false,
    "count": 1,
    "lang": "en-au",
    "updated": 0
  },
  {
    "id": "18828bc7-1606-4bd9-b3e1-f7f0299b3817",
    "data": [
      {
        "text": "haha that\u0027s ",
        "userDefined": false
      },
      {
        "text": "funny",
        "meta": "@sys.ignore",
        "userDefined": false
      }
    ],
    "isTemplate": false,
    "count": 0,
    "lang": "en-au",
    "updated": 0
  },
  {
    "id": "98ec1052-0a0f-4b9e-ac0a-2a099e59578e",
    "data": [
      {
        "text": "ahahaha",
        "userDefined": false
      }
    ],
    "isTemplate": false,
    "count": 0,
    "lang": "en-au",
    "updated": 0
  },
  {
    "id": "520f96fd-2ab4-49b3-8cec-5717462ed28e",
    "data": [
      {
        "text": "ahah lol",
        "userDefined": false
      }
    ],
    "isTemplate": false,
    "count": 0,
    "lang": "en-au",
    "updated": 0
  },
  {
    "id": "f8f6fbd1-eb7a-44b3-8eab-122a0587dc01",
    "data": [
      {
        "text": "haha",
        "userDefined": false
      }
    ],
    "isTemplate": false,
    "count": 0,
    "lang": "en-au",
    "updated": 0
  },
  {
    "id": "f63939bd-fedb-46f0-ba0a-60c520b710ae",
    "data": [
      {
        "text": "hehe",
        "userDefined": false
      }
    ],
    "isTemplate": false,
    "count": 0,
    "lang": "en-au",
    "updated": 0
  },
  {
    "id": "0a4e1371-8652-4d78-91d9-e33c0a4b50fc",
    "data": [
      {
        "text": "hehehe",
        "userDefined": false
      }
    ],
    "isTemplate": false,
    "count": 0,
    "lang": "en-au",
    "updated": 0
  },
  {
    "id": "7b183006-2c4b-4d12-932b-6e936e081c61",
    "data": [
      {
        "text": "ahahah",
        "userDefined": false
      }
    ],
    "isTemplate": false,
    "count": 0,
    "lang": "en-au",
    "updated": 0
  },
  {
    "id": "76dd298a-fa7e-4e66-b0fc-8e874ffb546f",
    "data": [
      {
        "text": "ha ha",
        "userDefined": false
      }
    ],
    "isTemplate": false,
    "count": 0,
    "lang": "en-au",
    "updated": 0
  }
]