[
  {
    "id": "17355a68-7cac-4971-9e41-84ebe555f036",
    "data": [
      {
        "text": "it\u0027s my b-day",
        "userDefined": false
      }
    ],
    "isTemplate": false,
    "count": 0,
    "lang": "en",
    "updated": 0
  },
  {
    "id": "08b4010a-e0d8-4266-93a1-7b2866235aef",
    "data": [
      {
        "text": "it",
        "meta": "@sys.ignore",
        "userDefined": false
      },
      {
        "text": " is my ",
        "userDefined": false
      },
      {
        "text": "birthday",
        "meta": "@sys.ignore",
        "userDefined": false
      }
    ],
    "isTemplate": false,
    "count": 0,
    "lang": "en",
    "updated": 0
  },
  {
    "id": "67fac2b0-e80f-462b-902c-bca889b7581a",
    "data": [
      {
        "text": "today",
        "meta": "@sys.ignore",
        "userDefined": false
      },
      {
        "text": " is my ",
        "userDefined": false
      },
      {
        "text": "birthday",
        "meta": "@sys.ignore",
        "userDefined": false
      }
    ],
    "isTemplate": false,
    "count": 0,
    "lang": "en",
    "updated": 0
  },
  {
    "id": "2473d0f9-b402-40df-8404-2bd509b590b5",
    "data": [
      {
        "text": "I was born today",
        "userDefined": false
      }
    ],
    "isTemplate": false,
    "count": 0,
    "lang": "en",
    "updated": 0
  },
  {
    "id": "56608381-cb96-4dba-8c08-805378fed77a",
    "data": [
      {
        "text": "it\u0027s my birthday today",
        "userDefined": false
      }
    ],
    "isTemplate": false,
    "count": 0,
    "lang": "en",
    "updated": 0
  },
  {
    "id": "93a82353-b8d7-4b9f-afb9-fc6eb5e2a725",
    "data": [
      {
        "text": "I\u0027m celebrating my birthday today",
        "userDefined": false
      }
    ],
    "isTemplate": false,
    "count": 0,
    "lang": "en",
    "updated": 0
  }
]