[
  {
    "id": "05cb8402-30e4-48a2-838d-3c1cb6359bde",
    "data": [
      {
        "text": "hope",
        "meta": "@sys.ignore",
        "userDefined": true
      },
      {
        "text": " to see you later",
        "userDefined": false
      }
    ],
    "isTemplate": false,
    "count": 0,
    "lang": "en",
    "updated": 0
  },
  {
    "id": "1046a620-6376-411a-807e-2b08215b5ff1",
    "data": [
      {
        "text": "that\u0027s ",
        "userDefined": false
      },
      {
        "text": "it",
        "meta": "@sys.ignore",
        "userDefined": true
      },
      {
        "text": " goodbye",
        "userDefined": false
      }
    ],
    "isTemplate": false,
    "count": 1,
    "lang": "en",
    "updated": 0
  },
  {
    "id": "84e48c78-03a7-41b6-bba0-4c3d7defdffa",
    "data": [
      {
        "text": "now bye",
        "userDefined": false
      }
    ],
    "isTemplate": false,
    "count": 0,
    "lang": "en",
    "updated": 0
  },
  {
    "id": "6a4fb789-dcbe-4ced-8fc3-4c43f95d1519",
    "data": [
      {
        "text": "okay bye",
        "userDefined": false
      }
    ],
    "isTemplate": false,
    "count": 0,
    "lang": "en",
    "updated": 0
  },
  {
    "id": "f9887f82-1c68-4d49-9b23-2f7170e2436e",
    "data": [
      {
        "text": "alright bye",
        "userDefined": false
      }
    ],
    "isTemplate": false,
    "count": 0,
    "lang": "en",
    "updated": 0
  },
  {
    "id": "543ea6a1-680d-4acc-8256-a904afabd8a8",
    "data": [
      {
        "text": "bye bye see you",
        "userDefined": false
      }
    ],
    "isTemplate": false,
    "count": 0,
    "lang": "en",
    "updated": 0
  },
  {
    "id": "24a0b66e-6de1-4ae4-80c1-4cd173d7ad2b",
    "data": [
      {
        "text": "see ya",
        "userDefined": false
      }
    ],
    "isTemplate": false,
    "count": 0,
    "lang": "en",
    "updated": 0
  },
  {
    "id": "4242ac42-8f24-490b-aa69-b15c616620ba",
    "data": [
      {
        "text": "goodbye see you later",
        "userDefined": false
      }
    ],
    "isTemplate": false,
    "count": 1,
    "lang": "en",
    "updated": 0
  },
  {
    "id": "2755c07b-9e30-482a-9ffe-e10e4303946e",
    "data": [
      {
        "text": "okay",
        "meta": "@sys.ignore",
        "userDefined": true
      },
      {
        "text": " ",
        "userDefined": false
      },
      {
        "text": "thank you",
        "meta": "@sys.ignore",
        "userDefined": true
      },
      {
        "text": " bye",
        "userDefined": false
      }
    ],
    "isTemplate": false,
    "count": 1,
    "lang": "en",
    "updated": 0
  },
  {
    "id": "3c313de6-2e20-41f6-812a-2dae5d9517ad",
    "data": [
      {
        "text": "get",
        "meta": "@sys.ignore",
        "userDefined": true
      },
      {
        "text": " ",
        "userDefined": false
      },
      {
        "text": "lost",
        "meta": "@sys.ignore",
        "userDefined": true
      }
    ],
    "isTemplate": false,
    "count": 0,
    "lang": "en",
    "updated": 0
  },
  {
    "id": "4282e193-b0f2-4c45-bae6-a921d408b5d1",
    "data": [
      {
        "text": "bye-bye",
        "userDefined": false
      }
    ],
    "isTemplate": false,
    "count": 0,
    "lang": "en",
    "updated": 0
  },
  {
    "id": "b879291e-6da7-451d-97b1-6e3232b207a1",
    "data": [
      {
        "text": "bye",
        "userDefined": false
      }
    ],
    "isTemplate": false,
    "count": 0,
    "lang": "en",
    "updated": 0
  },
  {
    "id": "37757679-5fd6-4b4c-b050-0f1f953c067a",
    "data": [
      {
        "text": "goodbye",
        "userDefined": false
      }
    ],
    "isTemplate": false,
    "count": 0,
    "lang": "en",
    "updated": 0
  },
  {
    "id": "5ba0593f-1b28-485f-9a2b-5595a33a425c",
    "data": [
      {
        "text": "bye bye see you soon",
        "userDefined": false
      }
    ],
    "isTemplate": false,
    "count": 0,
    "lang": "en",
    "updated": 0
  },
  {
    "id": "091148fd-b705-4dad-abc7-17dcfdd7717c",
    "data": [
      {
        "text": "okay see you later",
        "userDefined": false
      }
    ],
    "isTemplate": false,
    "count": 0,
    "lang": "en",
    "updated": 0
  },
  {
    "id": "a5cec387-b7b3-4aa7-8757-8a3d2eab9404",
    "data": [
      {
        "text": "go to bed",
        "userDefined": false
      }
    ],
    "isTemplate": false,
    "count": 0,
    "lang": "en",
    "updated": 0
  },
  {
    "id": "2e6f63c6-71f1-40b4-a30d-5fa499cf601f",
    "data": [
      {
        "text": "see you tomorrow",
        "userDefined": false
      }
    ],
    "isTemplate": false,
    "count": 0,
    "lang": "en",
    "updated": 0
  },
  {
    "id": "30e796e9-b100-4bce-954f-232c4ebf4ba0",
    "data": [
      {
        "text": "bye for now",
        "userDefined": false
      }
    ],
    "isTemplate": false,
    "count": 1,
    "lang": "en",
    "updated": 0
  },
  {
    "id": "3dd9c5e5-5f12-4ece-ad3a-04e8376d3c0d",
    "data": [
      {
        "text": "see you soon",
        "userDefined": false
      }
    ],
    "isTemplate": false,
    "count": 0,
    "lang": "en",
    "updated": 0
  },
  {
    "id": "5bb58664-f214-48bd-9575-5ec41437f8dd",
    "data": [
      {
        "text": "bye bye take care",
        "userDefined": false
      }
    ],
    "isTemplate": false,
    "count": 0,
    "lang": "en",
    "updated": 0
  },
  {
    "id": "3b722a9f-3a03-4913-83d0-ac0cac0684a0",
    "data": [
      {
        "text": "you can go now",
        "userDefined": false
      }
    ],
    "isTemplate": false,
    "count": 0,
    "lang": "en",
    "updated": 0
  },
  {
    "id": "e06d1676-3cf0-4385-829f-9b22b93b03a4",
    "data": [
      {
        "text": "I ",
        "userDefined": false
      },
      {
        "text": "must",
        "meta": "@sys.ignore",
        "userDefined": true
      },
      {
        "text": " go",
        "userDefined": false
      }
    ],
    "isTemplate": false,
    "count": 0,
    "lang": "en",
    "updated": 0
  },
  {
    "id": "2a7b7664-dd31-4938-b321-ce1670e84daa",
    "data": [
      {
        "text": "ok bye",
        "userDefined": false
      }
    ],
    "isTemplate": false,
    "count": 0,
    "lang": "en",
    "updated": 0
  },
  {
    "id": "683c9646-e0a9-4cf2-8d5e-42de517f4cfd",
    "data": [
      {
        "text": "good",
        "meta": "@sys.ignore",
        "userDefined": true
      },
      {
        "text": " bye",
        "userDefined": false
      }
    ],
    "isTemplate": false,
    "count": 0,
    "lang": "en",
    "updated": 0
  },
  {
    "id": "8efb540e-c23d-41a7-976e-fa862ceaf546",
    "data": [
      {
        "text": "till next time",
        "userDefined": false
      }
    ],
    "isTemplate": false,
    "count": 0,
    "lang": "en",
    "updated": 0
  },
  {
    "id": "aa3101a8-1602-46c0-8d4d-f37f76d232d1",
    "data": [
      {
        "text": "I said bye",
        "userDefined": false
      }
    ],
    "isTemplate": false,
    "count": 0,
    "lang": "en",
    "updated": 0
  },
  {
    "id": "61b0b868-e7e6-4398-a2fa-c32bc81610c9",
    "data": [
      {
        "text": "see you",
        "userDefined": false
      }
    ],
    "isTemplate": false,
    "count": 1,
    "lang": "en",
    "updated": 0
  },
  {
    "id": "f418cc23-2ce4-4003-ace9-00eeb6b80c1b",
    "data": [
      {
        "text": "thanks bye bye",
        "userDefined": false
      }
    ],
    "isTemplate": false,
    "count": 0,
    "lang": "en",
    "updated": 0
  },
  {
    "id": "e76e32ad-49da-4927-a0d6-d31046bea817",
    "data": [
      {
        "text": "talk to you later",
        "userDefined": false
      }
    ],
    "isTemplate": false,
    "count": 0,
    "lang": "en",
    "updated": 0
  },
  {
    "id": "81a3061c-4cb2-491b-be9a-ed866e16249f",
    "data": [
      {
        "text": "never mind bye",
        "userDefined": false
      }
    ],
    "isTemplate": false,
    "count": 0,
    "lang": "en",
    "updated": 0
  },
  {
    "id": "0618d052-0d67-46b9-90ca-d53c4eff1b42",
    "data": [
      {
        "text": "goodbye for now",
        "userDefined": false
      }
    ],
    "isTemplate": false,
    "count": 1,
    "lang": "en",
    "updated": 0
  },
  {
    "id": "d515ad52-579b-44a7-97f3-6d7065e45131",
    "data": [
      {
        "text": "leave",
        "meta": "@sys.ignore",
        "userDefined": true
      },
      {
        "text": " me alone",
        "userDefined": false
      }
    ],
    "isTemplate": false,
    "count": 1,
    "lang": "en",
    "updated": 0
  },
  {
    "id": "5c76acf6-fd13-4134-8f91-95a9a170b047",
    "data": [
      {
        "text": "that\u0027s ",
        "userDefined": false
      },
      {
        "text": "all",
        "meta": "@sys.ignore",
        "userDefined": true
      },
      {
        "text": " goodbye",
        "userDefined": false
      }
    ],
    "isTemplate": false,
    "count": 0,
    "lang": "en",
    "updated": 0
  }
]