[
  {
    "id": "0f2885c8-19bc-4b5d-88ca-c6617f9216a8",
    "data": [
      {
        "text": "hahaha very ",
        "userDefined": false
      },
      {
        "text": "funny",
        "meta": "@sys.ignore",
        "userDefined": false
      }
    ],
    "isTemplate": false,
    "count": 0,
    "lang": "en",
    "updated": 0
  },
  {
    "id": "eb5b6c7a-2d20-4189-9a77-d0feeee414d0",
    "data": [
      {
        "text": "laughing out ",
        "userDefined": false
      },
      {
        "text": "loud",
        "meta": "@sys.ignore",
        "userDefined": true
      }
    ],
    "isTemplate": false,
    "count": 0,
    "lang": "en",
    "updated": 0
  },
  {
    "id": "1db6972c-75f5-4594-a19c-19081a716327",
    "data": [
      {
        "text": "hah",
        "userDefined": false
      }
    ],
    "isTemplate": false,
    "count": 0,
    "lang": "en",
    "updated": 0
  },
  {
    "id": "93f3842a-434a-459f-90a9-6d8aa9806f34",
    "data": [
      {
        "text": "LMAO",
        "userDefined": false
      }
    ],
    "isTemplate": false,
    "count": 1,
    "lang": "en",
    "updated": 0
  },
  {
    "id": "3555bb00-e812-41d3-ac26-3b150e6a856e",
    "data": [
      {
        "text": "ahah",
        "userDefined": false
      }
    ],
    "isTemplate": false,
    "count": 0,
    "lang": "en",
    "updated": 0
  },
  {
    "id": "b803bed5-bb3f-4782-8976-5e11e4cb72d4",
    "data": [
      {
        "text": "xd",
        "userDefined": false
      }
    ],
    "isTemplate": false,
    "count": 0,
    "lang": "en",
    "updated": 0
  },
  {
    "id": "19f49422-1481-48c6-ac98-2ce64f6dcd02",
    "data": [
      {
        "text": "haha haha haha",
        "userDefined": false
      }
    ],
    "isTemplate": false,
    "count": 0,
    "lang": "en",
    "updated": 0
  },
  {
    "id": "5f14c044-fca4-475e-a585-676202d2c81a",
    "data": [
      {
        "text": "that\u0027s ",
        "userDefined": false
      },
      {
        "text": "funny",
        "meta": "@sys.ignore",
        "userDefined": true
      }
    ],
    "isTemplate": false,
    "count": 0,
    "lang": "en",
    "updated": 0
  },
  {
    "id": "abff9c81-db2f-44c3-b243-adbe38cd53b0",
    "data": [
      {
        "text": "haha very ",
        "userDefined": false
      },
      {
        "text": "funny",
        "meta": "@sys.ignore",
        "userDefined": false
      }
    ],
    "isTemplate": false,
    "count": 0,
    "lang": "en",
    "updated": 0
  },
  {
    "id": "a3d04b2f-89b0-481f-a982-afd44771af46",
    "data": [
      {
        "text": "ahaha",
        "userDefined": false
      }
    ],
    "isTemplate": false,
    "count": 0,
    "lang": "en",
    "updated": 0
  },
  {
    "id": "b0bd51a1-53e5-4619-bca0-68769341e59f",
    "data": [
      {
        "text": "hahaha ",
        "userDefined": false
      },
      {
        "text": "funny",
        "meta": "@sys.ignore",
        "userDefined": false
      }
    ],
    "isTemplate": false,
    "count": 0,
    "lang": "en",
    "updated": 0
  },
  {
    "id": "894b4838-1450-4d24-b2b8-21b7b32d1942",
    "data": [
      {
        "text": "lmao",
        "userDefined": false
      }
    ],
    "isTemplate": false,
    "count": 0,
    "lang": "en",
    "updated": 0
  },
  {
    "id": "20f6de30-35c5-4b04-a193-f8206c9a5bc8",
    "data": [
      {
        "text": "hahaha",
        "userDefined": false
      }
    ],
    "isTemplate": false,
    "count": 1,
    "lang": "en",
    "updated": 0
  },
  {
    "id": "bbfec07b-113b-43ee-8be4-e4bee97967a8",
    "data": [
      {
        "text": "haha that\u0027s ",
        "userDefined": false
      },
      {
        "text": "funny",
        "meta": "@sys.ignore",
        "userDefined": false
      }
    ],
    "isTemplate": false,
    "count": 0,
    "lang": "en",
    "updated": 0
  },
  {
    "id": "efb11bf1-b0e6-4c82-891f-71c26c13a15e",
    "data": [
      {
        "text": "ahahaha",
        "userDefined": false
      }
    ],
    "isTemplate": false,
    "count": 0,
    "lang": "en",
    "updated": 0
  },
  {
    "id": "f0b3e819-f5ed-453d-b25c-c560db515b34",
    "data": [
      {
        "text": "ahah lol",
        "userDefined": false
      }
    ],
    "isTemplate": false,
    "count": 0,
    "lang": "en",
    "updated": 0
  },
  {
    "id": "b9bad1ff-10e2-47e4-8d5f-07252d8c415d",
    "data": [
      {
        "text": "haha",
        "userDefined": false
      }
    ],
    "isTemplate": false,
    "count": 0,
    "lang": "en",
    "updated": 0
  },
  {
    "id": "40cd84f6-1ace-4fa4-850b-65384fba7083",
    "data": [
      {
        "text": "hehe",
        "userDefined": false
      }
    ],
    "isTemplate": false,
    "count": 0,
    "lang": "en",
    "updated": 0
  },
  {
    "id": "9e387b81-d2cb-4cc2-9ad8-56591622e2e9",
    "data": [
      {
        "text": "hehehe",
        "userDefined": false
      }
    ],
    "isTemplate": false,
    "count": 0,
    "lang": "en",
    "updated": 0
  },
  {
    "id": "6c502c79-49b4-4c6d-a68e-ec322313cdfa",
    "data": [
      {
        "text": "ahahah",
        "userDefined": false
      }
    ],
    "isTemplate": false,
    "count": 0,
    "lang": "en",
    "updated": 0
  },
  {
    "id": "6e094547-93bc-45b3-b82d-ae2943d428a3",
    "data": [
      {
        "text": "ha ha",
        "userDefined": false
      }
    ],
    "isTemplate": false,
    "count": 0,
    "lang": "en",
    "updated": 0
  }
]