[
  {
    "id": "437b1769-2054-4065-a883-8dd891479d30",
    "data": [
      {
        "text": "i choose ",
        "userDefined": false
      },
      {
        "text": "odd",
        "meta": "@Toss",
        "alias": "toss",
        "userDefined": false
      }
    ],
    "isTemplate": false,
    "count": 0,
    "lang": "en",
    "updated": 0
  },
  {
    "id": "4827497b-9cd1-4e91-bfbb-684a490be31c",
    "data": [
      {
        "text": "i choose ",
        "userDefined": false
      },
      {
        "text": "even",
        "meta": "@Toss",
        "alias": "toss",
        "userDefined": false
      }
    ],
    "isTemplate": false,
    "count": 0,
    "lang": "en",
    "updated": 0
  },
  {
    "id": "b42a872e-de29-4b91-9a07-8513c69246ae",
    "data": [
      {
        "text": "Odd",
        "meta": "@Toss",
        "alias": "toss",
        "userDefined": false
      }
    ],
    "isTemplate": false,
    "count": 0,
    "lang": "en",
    "updated": 0
  },
  {
    "id": "60cdd625-1e7e-41fc-bdda-0e5f11b42f49",
    "data": [
      {
        "text": "Even",
        "meta": "@Toss",
        "alias": "toss",
        "userDefined": false
      }
    ],
    "isTemplate": false,
    "count": 0,
    "lang": "en",
    "updated": 0
  }
]