[
  {
    "id": "6b8a015d-0e28-4588-ace9-27881fca6a86",
    "data": [
      {
        "text": "6",
        "meta": "@sys.number",
        "alias": "playerChoice",
        "userDefined": true
      }
    ],
    "isTemplate": false,
    "count": 0,
    "lang": "en",
    "updated": 0
  },
  {
    "id": "d9e611c0-acf8-4619-b6ba-f80970f0461e",
    "data": [
      {
        "text": "4",
        "meta": "@sys.number",
        "alias": "playerChoice",
        "userDefined": true
      }
    ],
    "isTemplate": false,
    "count": 0,
    "lang": "en",
    "updated": 0
  },
  {
    "id": "b1744c1c-fb06-4ece-a327-a9e49db1b2bf",
    "data": [
      {
        "text": "2",
        "meta": "@sys.number",
        "alias": "playerChoice",
        "userDefined": false
      }
    ],
    "isTemplate": false,
    "count": 0,
    "lang": "en",
    "updated": 0
  }
]