[
  {
    "id": "5d2479c9-1ffb-40c8-b88f-6d6a930b3dbf",
    "data": [
      {
        "text": "show me the stadiums in ",
        "userDefined": false
      },
      {
        "text": "Ahmedabad",
        "meta": "@sys.geo-city",
        "alias": "geo-city",
        "userDefined": false
      }
    ],
    "isTemplate": false,
    "count": 0,
    "lang": "en",
    "updated": 0
  },
  {
    "id": "fe44a1ee-5ed5-4bf8-915a-0e201704bfd4",
    "data": [
      {
        "text": "show me venue details in ",
        "userDefined": false
      },
      {
        "text": "Amsterdam",
        "meta": "@sys.geo-city",
        "alias": "geo-city",
        "userDefined": false
      }
    ],
    "isTemplate": false,
    "count": 0,
    "lang": "en",
    "updated": 0
  },
  {
    "id": "41dd4df4-654a-409c-8308-15397888a428",
    "data": [
      {
        "text": "find",
        "meta": "@sys.ignore",
        "userDefined": false
      },
      {
        "text": " venue details in city ",
        "userDefined": false
      },
      {
        "text": "Jaipur",
        "meta": "@sys.geo-city",
        "alias": "geo-city",
        "userDefined": false
      }
    ],
    "isTemplate": false,
    "count": 0,
    "lang": "en",
    "updated": 0
  }
]